ISO-10303-21;
HEADER;
FILE_DESCRIPTION (( 'STEP AP214' ),
    '1' );
FILE_NAME ('Center-Wing-Brace.STEP',
    '2026-04-30T22:21:28',
    ( '' ),
    ( '' ),
    'SwSTEP 2.0',
    'SolidWorks 2026',
    '' );
FILE_SCHEMA (( 'AUTOMOTIVE_DESIGN' ));
ENDSEC;

DATA;
#1 = FACE_OUTER_BOUND ( 'NONE', #14, .T. ) ;
#2 = ORIENTED_EDGE ( 'NONE', *, *, #1596, .F. ) ;
#3 = CARTESIAN_POINT ( 'NONE',  ( -88.05378997414047149, 12.02117242680754039, 39.31004624058196129 ) ) ;
#4 = CIRCLE ( 'NONE', #315, 2.000000000000001776 ) ;
#5 = CYLINDRICAL_SURFACE ( 'NONE', #828, 2.500000000000002220 ) ;
#6 = ORIENTED_EDGE ( 'NONE', *, *, #2041, .T. ) ;
#7 = EDGE_CURVE ( 'NONE', #1525, #346, #1777, .T. ) ;
#8 = DIRECTION ( 'NONE',  ( 0.000000000000000000, 0.000000000000000000, 1.000000000000000000 ) ) ;
#9 = CARTESIAN_POINT ( 'NONE',  ( 90.00000000000002842, 12.49999999999998757, 35.00000000000001421 ) ) ;
#10 = ORIENTED_EDGE ( 'NONE', *, *, #1614, .T. ) ;
#11 = DIRECTION ( 'NONE',  ( 1.000000000000000000, -0.000000000000000000, 0.000000000000000000 ) ) ;
#12 = CYLINDRICAL_SURFACE ( 'NONE', #2369, 2.500000000000002220 ) ;
#13 = EDGE_CURVE ( 'NONE', #2229, #1102, #948, .T. ) ;
#14 = EDGE_LOOP ( 'NONE', ( #222, #107, #635, #1167, #22 ) ) ;
#15 = VECTOR ( 'NONE', #646, 1000.000000000000000 ) ;
#16 = CARTESIAN_POINT ( 'NONE',  ( 91.88858557913091829, -11.83864844105092473, 39.48842545739043430 ) ) ;
#17 = DIRECTION ( 'NONE',  ( -1.000000000000000000, 0.000000000000000000, 0.000000000000000000 ) ) ;
#18 = EDGE_LOOP ( 'NONE', ( #153, #65, #389, #1811 ) ) ;
#19 = DIRECTION ( 'NONE',  ( 1.000000000000000000, 0.000000000000000000, 0.000000000000000000 ) ) ;
#20 = DIRECTION ( 'NONE',  ( -0.000000000000000000, -0.000000000000000000, 1.000000000000000000 ) ) ;
#21 = AXIS2_PLACEMENT_3D ( 'NONE', #455, #1502, #2057 ) ;
#22 = ORIENTED_EDGE ( 'NONE', *, *, #1731, .F. ) ;
#23 = CARTESIAN_POINT ( 'NONE',  ( 92.00000000000002842, -12.50000000000001066, -50.00000000000000000 ) ) ;
#24 = CARTESIAN_POINT ( 'NONE',  ( 88.13489584821728329, -11.77426482610600189, -39.54378927764760476 ) ) ;
#25 = VERTEX_POINT ( 'NONE', #1703 ) ;
#26 = EDGE_CURVE ( 'NONE', #1531, #1939, #1369, .T. ) ;
#27 = PRODUCT_DEFINITION_FORMATION_WITH_SPECIFIED_SOURCE ( 'Symmetric', '', #304, .NOT_KNOWN. ) ;
#28 = LINE ( 'NONE', #907, #291 ) ;
#29 = CARTESIAN_POINT ( 'NONE',  ( -100.0000000000000142, 12.50000000000001243, -40.00000000000000711 ) ) ;
#30 = VERTEX_POINT ( 'NONE', #61 ) ;
#31 = LINE ( 'NONE', #1629, #689 ) ;
#32 = LINE ( 'NONE', #236, #1627 ) ;
#33 = ORIENTED_EDGE ( 'NONE', *, *, #1252, .F. ) ;
#34 = LINE ( 'NONE', #2007, #607 ) ;
#35 = VECTOR ( 'NONE', #166, 1000.000000000000000 ) ;
#36 = CARTESIAN_POINT ( 'NONE',  ( 90.69804058466559127, 10.61732844864594050, -39.99710597250148680 ) ) ;
#37 = EDGE_LOOP ( 'NONE', ( #626, #2168, #469, #995, #2128, #885 ) ) ;
#38 = EDGE_CURVE ( 'NONE', #42, #620, #1550, .T. ) ;
#39 = CARTESIAN_POINT ( 'NONE',  ( 88.22724738650421727, 11.57068082362252248, 39.69113722039457315 ) ) ;
#40 = VECTOR ( 'NONE', #512, 1000.000000000000000 ) ;
#41 = DIRECTION ( 'NONE',  ( 0.000000000000000000, 0.000000000000000000, -1.000000000000000000 ) ) ;
#42 = VERTEX_POINT ( 'NONE', #1000 ) ;
#43 = CARTESIAN_POINT ( 'NONE',  ( 91.81039688532240461, 11.63527336335203444, 39.65419608354518743 ) ) ;
#44 = CARTESIAN_POINT ( 'NONE',  ( 88.00000000000002842, -12.50000000000001066, 38.00000000000000000 ) ) ;
#45 = EDGE_LOOP ( 'NONE', ( #1603, #1058, #53, #1104 ) ) ;
#46 = CARTESIAN_POINT ( 'NONE',  ( 0.000000000000000000, 0.000000000000000000, -50.00000000000000000 ) ) ;
#47 = CARTESIAN_POINT ( 'NONE',  ( 0.000000000000000000, 0.000000000000000000, 0.000000000000000000 ) ) ;
#48 = ADVANCED_FACE ( 'NONE', ( #463 ), #806, .F. ) ;
#49 = ORIENTED_EDGE ( 'NONE', *, *, #458, .T. ) ;
#50 = CARTESIAN_POINT ( 'NONE',  ( -90.00000000000002842, -17.50000000000003908, -35.00000000000000000 ) ) ;
#51 = DIRECTION ( 'NONE',  ( 1.000000000000000000, 0.000000000000000000, 0.000000000000000000 ) ) ;
#52 = DIRECTION ( 'NONE',  ( -0.000000000000000000, -0.000000000000000000, 1.000000000000000000 ) ) ;
#53 = ORIENTED_EDGE ( 'NONE', *, *, #85, .T. ) ;
#54 = CARTESIAN_POINT ( 'NONE',  ( 91.86754412510084933, -11.77247800692555835, -39.55273514368459331 ) ) ;
#55 = CARTESIAN_POINT ( 'NONE',  ( 90.00000000000002842, -12.50000000000001421, -50.00000000000000000 ) ) ;
#56 = ADVANCED_FACE ( 'NONE', ( #474 ), #1730, .F. ) ;
#57 = VECTOR ( 'NONE', #1519, 1000.000000000000000 ) ;
#58 = ORIENTED_EDGE ( 'NONE', *, *, #819, .F. ) ;
#59 = DIRECTION ( 'NONE',  ( 0.000000000000000000, 0.000000000000000000, -1.000000000000000000 ) ) ;
#60 = ORIENTED_EDGE ( 'NONE', *, *, #88, .T. ) ;
#61 = CARTESIAN_POINT ( 'NONE',  ( 99.99999999999998579, 17.50000000000001066, -50.00000000000000000 ) ) ;
#62 = DIRECTION ( 'NONE',  ( 0.000000000000000000, 0.000000000000000000, -1.000000000000000000 ) ) ;
#63 = CARTESIAN_POINT ( 'NONE',  ( 88.03162924296513836, 12.13442384046336819, 39.16604601977661559 ) ) ;
#64 = CARTESIAN_POINT ( 'NONE',  ( 99.99999999999998579, -12.50000000000001066, -38.00000000000001421 ) ) ;
#65 = ORIENTED_EDGE ( 'NONE', *, *, #777, .T. ) ;
#66 = FACE_OUTER_BOUND ( 'NONE', #991, .T. ) ;
#67 = DIRECTION ( 'NONE',  ( 1.000000000000000000, 1.387778780781445676E-16, -0.000000000000000000 ) ) ;
#68 = AXIS2_PLACEMENT_3D ( 'NONE', #784, #89, #832 ) ;
#69 = ORIENTED_EDGE ( 'NONE', *, *, #356, .T. ) ;
#70 = CYLINDRICAL_SURFACE ( 'NONE', #843, 5.000000000000000000 ) ;
#71 = EDGE_CURVE ( 'NONE', #1631, #346, #627, .T. ) ;
#72 = VERTEX_POINT ( 'NONE', #1526 ) ;
#73 = CARTESIAN_POINT ( 'NONE',  ( 50.00000000000000000, -1.387778780781445676E-14, 50.00000000000000000 ) ) ;
#74 = AXIS2_PLACEMENT_3D ( 'NONE', #926, #413, #390 ) ;
#75 = CARTESIAN_POINT ( 'NONE',  ( -100.0000000000000142, -12.50000000000001066, -38.00000000000000711 ) ) ;
#76 = CARTESIAN_POINT ( 'NONE',  ( 99.99999999999998579, -12.50000000000001066, 38.00000000000000000 ) ) ;
#77 = VERTEX_POINT ( 'NONE', #831 ) ;
#78 = EDGE_CURVE ( 'NONE', #249, #2118, #1347, .T. ) ;
#79 = CARTESIAN_POINT ( 'NONE',  ( 91.86754412510082091, 11.77247800692555124, 39.55273514368459331 ) ) ;
#80 = DIRECTION ( 'NONE',  ( -0.000000000000000000, -0.000000000000000000, -1.000000000000000000 ) ) ;
#81 = CIRCLE ( 'NONE', #887, 2.500000000000002220 ) ;
#82 = VECTOR ( 'NONE', #52, 1000.000000000000000 ) ;
#83 = ORIENTED_EDGE ( 'NONE', *, *, #2220, .T. ) ;
#84 = FACE_OUTER_BOUND ( 'NONE', #392, .T. ) ;
#85 = EDGE_CURVE ( 'NONE', #1219, #2185, #1740, .T. ) ;
#86 = ORIENTED_EDGE ( 'NONE', *, *, #2275, .F. ) ;
#87 = CARTESIAN_POINT ( 'NONE',  ( -47.50000000000000000, -1.387778780781445676E-14, -50.00000000000000000 ) ) ;
#88 = EDGE_CURVE ( 'NONE', #1690, #42, #2282, .T. ) ;
#89 = DIRECTION ( 'NONE',  ( -0.000000000000000000, -0.000000000000000000, 1.000000000000000000 ) ) ;
#90 = LINE ( 'NONE', #1554, #2309 ) ;
#91 = CARTESIAN_POINT ( 'NONE',  ( -88.00000000000002842, 12.50000000000001243, 38.00000000000000000 ) ) ;
#92 = LINE ( 'NONE', #248, #1933 ) ;
#93 = ORIENTED_EDGE ( 'NONE', *, *, #2330, .T. ) ;
#94 = DIRECTION ( 'NONE',  ( 1.000000000000000000, 1.156482317317871232E-16, 0.000000000000000000 ) ) ;
#95 = AXIS2_PLACEMENT_3D ( 'NONE', #9, #2363, #1859 ) ;
#96 = EDGE_LOOP ( 'NONE', ( #239, #1620, #211, #215 ) ) ;
#97 = CARTESIAN_POINT ( 'NONE',  ( -92.00000000000008527, 12.50000000000002132, -38.17925096310137434 ) ) ;
#98 = DIRECTION ( 'NONE',  ( 0.000000000000000000, 0.000000000000000000, 1.000000000000000000 ) ) ;
#99 = DIRECTION ( 'NONE',  ( -0.000000000000000000, -0.000000000000000000, 1.000000000000000000 ) ) ;
#100 = EDGE_CURVE ( 'NONE', #1062, #516, #2286, .T. ) ;
#101 = CARTESIAN_POINT ( 'NONE',  ( -100.0000000000000142, 10.50000000000001243, -38.00000000000001421 ) ) ;
#102 = LINE ( 'NONE', #2313, #1065 ) ;
#103 = ORIENTED_EDGE ( 'NONE', *, *, #598, .F. ) ;
#104 = DIRECTION ( 'NONE',  ( 0.000000000000000000, -1.000000000000000000, -0.000000000000000000 ) ) ;
#105 = VECTOR ( 'NONE', #2144, 1000.000000000000000 ) ;
#106 = CARTESIAN_POINT ( 'NONE',  ( 52.50000000000000711, -1.387778780781445676E-14, 50.00000000000000000 ) ) ;
#107 = ORIENTED_EDGE ( 'NONE', *, *, #232, .T. ) ;
#108 = CARTESIAN_POINT ( 'NONE',  ( 90.00000000000001421, -14.50000000000001066, -35.00000000000000000 ) ) ;
#109 = CARTESIAN_POINT ( 'NONE',  ( -91.65406126740138859, 11.36455948432381469, 39.81045491387473589 ) ) ;
#110 = CARTESIAN_POINT ( 'NONE',  ( -88.00000000000002842, -12.50000000000001066, 38.00000000000000000 ) ) ;
#111 = AXIS2_PLACEMENT_3D ( 'NONE', #354, #1247, #1984 ) ;
#112 = EDGE_CURVE ( 'NONE', #1690, #1549, #1751, .T. ) ;
#113 = DIRECTION ( 'NONE',  ( 1.000000000000000000, 0.000000000000000000, 0.000000000000000000 ) ) ;
#114 = DIRECTION ( 'NONE',  ( -0.000000000000000000, -0.000000000000000000, 1.000000000000000000 ) ) ;
#115 = EDGE_LOOP ( 'NONE', ( #604, #177 ) ) ;
#116 = DIRECTION ( 'NONE',  ( -1.000000000000000000, 0.000000000000000000, 0.000000000000000000 ) ) ;
#117 = AXIS2_PLACEMENT_3D ( 'NONE', #1420, #2312, #1768 ) ;
#118 = VECTOR ( 'NONE', #2209, 1000.000000000000000 ) ;
#119 = CARTESIAN_POINT ( 'NONE',  ( 99.99999999999998579, 10.50000000000001243, 40.00000000000000000 ) ) ;
#120 = VERTEX_POINT ( 'NONE', #108 ) ;
#121 = CARTESIAN_POINT ( 'NONE',  ( -100.0000000000000142, -10.50000000000001066, 40.00000000000000000 ) ) ;
#122 = LINE ( 'NONE', #156, #1792 ) ;
#123 = ORIENTED_EDGE ( 'NONE', *, *, #414, .T. ) ;
#124 = DIRECTION ( 'NONE',  ( -1.000000000000000000, 0.000000000000000000, -0.000000000000000000 ) ) ;
#125 = PLANE ( 'NONE',  #505 ) ;
#126 = CARTESIAN_POINT ( 'NONE',  ( 90.00000000000001421, 17.50000000000001066, -35.00000000000000000 ) ) ;
#127 = ORIENTED_EDGE ( 'NONE', *, *, #2050, .F. ) ;
#128 = CARTESIAN_POINT ( 'NONE',  ( -90.86256395138474318, -10.68700877011730199, 39.99327426793972506 ) ) ;
#129 = EDGE_CURVE ( 'NONE', #925, #1850, #1876, .T. ) ;
#130 = CARTESIAN_POINT ( 'NONE',  ( -91.99712623411417667, -12.38310850526603168, -38.69670505898093182 ) ) ;
#131 = ORIENTED_EDGE ( 'NONE', *, *, #1713, .F. ) ;
#132 = DIRECTION ( 'NONE',  ( 0.000000000000000000, 0.000000000000000000, 1.000000000000000000 ) ) ;
#133 = CARTESIAN_POINT ( 'NONE',  ( -91.55226900220510799, 11.22697590525740097, 39.86774508395605210 ) ) ;
#134 = ORIENTED_EDGE ( 'NONE', *, *, #290, .F. ) ;
#135 = DIRECTION ( 'NONE',  ( -0.000000000000000000, -0.000000000000000000, 1.000000000000000000 ) ) ;
#136 = CARTESIAN_POINT ( 'NONE',  ( 92.00000000000002842, -12.50000000000001421, -50.00000000000000000 ) ) ;
#137 = DIRECTION ( 'NONE',  ( 1.000000000000000000, 0.000000000000000000, 0.000000000000000000 ) ) ;
#138 = VERTEX_POINT ( 'NONE', #1573 ) ;
#139 = CARTESIAN_POINT ( 'NONE',  ( -100.0000000000000142, 17.49999999999998934, 50.00000000000000000 ) ) ;
#140 = CARTESIAN_POINT ( 'NONE',  ( -90.17903312807636951, -10.50000000000001776, -40.00000000000001421 ) ) ;
#141 = ORIENTED_EDGE ( 'NONE', *, *, #616, .F. ) ;
#142 = FACE_BOUND ( 'NONE', #412, .T. ) ;
#143 = CARTESIAN_POINT ( 'NONE',  ( -91.99712623411419088, 12.38310850526603346, 38.69670505898093182 ) ) ;
#144 = EDGE_LOOP ( 'NONE', ( #1983, #1295 ) ) ;
#145 = CARTESIAN_POINT ( 'NONE',  ( 88.00000000000002842, 12.49999999999998757, -50.00000000000000000 ) ) ;
#146 = DIRECTION ( 'NONE',  ( 0.000000000000000000, 0.000000000000000000, 1.000000000000000000 ) ) ;
#147 = VECTOR ( 'NONE', #1389, 1000.000000000000000 ) ;
#148 = CIRCLE ( 'NONE', #309, 2.000000000000001776 ) ;
#149 = EDGE_CURVE ( 'NONE', #1136, #1677, #2308, .T. ) ;
#150 = VERTEX_POINT ( 'NONE', #2130 ) ;
#151 = CARTESIAN_POINT ( 'NONE',  ( -100.0000000000000142, -10.50000000000001066, -40.00000000000000711 ) ) ;
#152 = FACE_OUTER_BOUND ( 'NONE', #18, .T. ) ;
#153 = ORIENTED_EDGE ( 'NONE', *, *, #1570, .F. ) ;
#154 = CARTESIAN_POINT ( 'NONE',  ( 5.000000000000000000, 0.000000000000000000, 50.00000000000000000 ) ) ;
#155 = VECTOR ( 'NONE', #420, 1000.000000000000000 ) ;
#156 = CARTESIAN_POINT ( 'NONE',  ( -90.00000000000002842, -17.50000000000003908, 35.00000000000001421 ) ) ;
#157 = ORIENTED_EDGE ( 'NONE', *, *, #2191, .T. ) ;
#158 = CARTESIAN_POINT ( 'NONE',  ( -88.03204779876818975, 12.13192949442079716, 39.16976082204691068 ) ) ;
#159 = CIRCLE ( 'NONE', #1888, 2.000000000000001776 ) ;
#160 = EDGE_CURVE ( 'NONE', #1366, #1223, #1164, .T. ) ;
#161 = CARTESIAN_POINT ( 'NONE',  ( 91.80737405962865694, -11.64052106005682674, 39.64506774705402847 ) ) ;
#162 = ORIENTED_EDGE ( 'NONE', *, *, #1787, .F. ) ;
#163 = DIRECTION ( 'NONE',  ( 1.000000000000000000, 0.000000000000000000, 0.000000000000000000 ) ) ;
#164 = CARTESIAN_POINT ( 'NONE',  ( -90.00000000000002842, -10.50000000000001776, 40.00000000000000000 ) ) ;
#165 = ORIENTED_EDGE ( 'NONE', *, *, #1864, .F. ) ;
#166 = DIRECTION ( 'NONE',  ( -1.000000000000000000, -1.156482317317871232E-16, -0.000000000000000000 ) ) ;
#167 = CARTESIAN_POINT ( 'NONE',  ( 88.44773099779496306, -11.22697590525742584, -39.86774508395603789 ) ) ;
#168 = VERTEX_POINT ( 'NONE', #2097 ) ;
#169 = LINE ( 'NONE', #724, #1689 ) ;
#170 = CIRCLE ( 'NONE', #1096, 5.000000000000000000 ) ;
#171 = EDGE_CURVE ( 'NONE', #1016, #2013, #1900, .T. ) ;
#172 = EDGE_CURVE ( 'NONE', #346, #1525, #1296, .T. ) ;
#173 = FACE_OUTER_BOUND ( 'NONE', #560, .T. ) ;
#174 = ORIENTED_EDGE ( 'NONE', *, *, #1981, .F. ) ;
#175 = LINE ( 'NONE', #1654, #2030 ) ;
#176 = FACE_BOUND ( 'NONE', #499, .T. ) ;
#177 = ORIENTED_EDGE ( 'NONE', *, *, #1501, .T. ) ;
#178 = DIRECTION ( 'NONE',  ( -1.214306433183764720E-16, 1.000000000000000000, -0.000000000000000000 ) ) ;
#179 = CARTESIAN_POINT ( 'NONE',  ( 90.35442843618469055, 10.52361610213454490, -40.00041008545319698 ) ) ;
#180 = ORIENTED_EDGE ( 'NONE', *, *, #149, .F. ) ;
#181 = CARTESIAN_POINT ( 'NONE',  ( -88.11141442086915276, -11.83864844105091407, 39.48842545739044851 ) ) ;
#182 = VECTOR ( 'NONE', #1877, 1000.000000000000000 ) ;
#183 = CARTESIAN_POINT ( 'NONE',  ( 91.99328076990271086, -12.31302102281876110, 38.86253080022055428 ) ) ;
#184 = EDGE_CURVE ( 'NONE', #2338, #2102, #1910, .T. ) ;
#185 = VECTOR ( 'NONE', #1217, 1000.000000000000000 ) ;
#186 = ORIENTED_EDGE ( 'NONE', *, *, #608, .F. ) ;
#187 = CARTESIAN_POINT ( 'NONE',  ( 87.99958699256083605, -12.47632755229009405, 38.35490341791749103 ) ) ;
#188 = CYLINDRICAL_SURFACE ( 'NONE', #1779, 5.000000000000000000 ) ;
#189 = VECTOR ( 'NONE', #19, 1000.000000000000000 ) ;
#190 = ADVANCED_FACE ( 'NONE', ( #1585 ), #497, .F. ) ;
#191 = ORIENTED_EDGE ( 'NONE', *, *, #891, .T. ) ;
#192 = CARTESIAN_POINT ( 'NONE',  ( -100.0000000000000142, 12.50000000000001243, 40.00000000000000000 ) ) ;
#193 = FACE_OUTER_BOUND ( 'NONE', #1009, .T. ) ;
#194 = ORIENTED_EDGE ( 'NONE', *, *, #2050, .T. ) ;
#195 = AXIS2_PLACEMENT_3D ( 'NONE', #1253, #280, #1014 ) ;
#196 = VECTOR ( 'NONE', #124, 1000.000000000000000 ) ;
#197 = FACE_OUTER_BOUND ( 'NONE', #2155, .T. ) ;
#198 = CARTESIAN_POINT ( 'NONE',  ( -100.0000000000000142, 12.50000000000001243, 38.00000000000000000 ) ) ;
#199 = ORIENTED_EDGE ( 'NONE', *, *, #2035, .T. ) ;
#200 = CARTESIAN_POINT ( 'NONE',  ( 88.00000000000002842, -12.50000000000001066, 35.00000000000001421 ) ) ;
#201 = DIRECTION ( 'NONE',  ( -0.000000000000000000, -0.000000000000000000, -1.000000000000000000 ) ) ;
#202 = VERTEX_POINT ( 'NONE', #319 ) ;
#203 = DIRECTION ( 'NONE',  ( 0.000000000000000000, 0.000000000000000000, 1.000000000000000000 ) ) ;
#204 = EDGE_CURVE ( 'NONE', #202, #1702, #1595, .T. ) ;
#205 = CYLINDRICAL_SURFACE ( 'NONE', #2141, 2.000000000000001776 ) ;
#206 = VERTEX_POINT ( 'NONE', #330 ) ;
#207 = VECTOR ( 'NONE', #1186, 1000.000000000000000 ) ;
#208 = DIRECTION ( 'NONE',  ( 1.000000000000000000, 0.000000000000000000, 0.000000000000000000 ) ) ;
#209 = CIRCLE ( 'NONE', #1666, 2.500000000000002220 ) ;
#210 = CARTESIAN_POINT ( 'NONE',  ( 90.00000000000001421, -17.50000000000001776, -35.00000000000000000 ) ) ;
#211 = ORIENTED_EDGE ( 'NONE', *, *, #997, .F. ) ;
#212 = CARTESIAN_POINT ( 'NONE',  ( 88.00000000000002842, -12.50000000000001066, 38.00000000000000000 ) ) ;
#213 = FACE_BOUND ( 'NONE', #144, .T. ) ;
#214 = AXIS2_PLACEMENT_3D ( 'NONE', #1866, #1166, #1878 ) ;
#215 = ORIENTED_EDGE ( 'NONE', *, *, #160, .F. ) ;
#216 = CARTESIAN_POINT ( 'NONE',  ( 47.50000000000000000, -1.357162610802761731E-14, 50.00000000000000000 ) ) ;
#217 = CARTESIAN_POINT ( 'NONE',  ( 91.77275261349583957, 11.57068082362253492, -39.69113722039458025 ) ) ;
#218 = ORIENTED_EDGE ( 'NONE', *, *, #1462, .T. ) ;
#219 = VECTOR ( 'NONE', #1765, 1000.000000000000000 ) ;
#220 = CARTESIAN_POINT ( 'NONE',  ( -92.00000000000002842, -12.50000000000001421, -50.00000000000000000 ) ) ;
#221 = DIRECTION ( 'NONE',  ( -0.000000000000000000, -0.000000000000000000, 1.000000000000000000 ) ) ;
#222 = ORIENTED_EDGE ( 'NONE', *, *, #1361, .F. ) ;
#223 = CARTESIAN_POINT ( 'NONE',  ( 88.05378997414047149, -12.02117242680753684, 39.31004624058193997 ) ) ;
#224 = CARTESIAN_POINT ( 'NONE',  ( 92.00000000000004263, -12.50000000000001066, 38.00000000000000000 ) ) ;
#225 = ORIENTED_EDGE ( 'NONE', *, *, #443, .T. ) ;
#226 = CARTESIAN_POINT ( 'NONE',  ( -90.00000000000002842, 17.49999999999999289, -35.00000000000000000 ) ) ;
#227 = AXIS2_PLACEMENT_3D ( 'NONE', #1548, #826, #973 ) ;
#228 = CARTESIAN_POINT ( 'NONE',  ( -91.16583920884546899, 10.86544418603133799, -39.96839150938713203 ) ) ;
#229 = CARTESIAN_POINT ( 'NONE',  ( 99.99999999999998579, -17.49999999999998934, -50.00000000000000000 ) ) ;
#230 = CARTESIAN_POINT ( 'NONE',  ( 88.11141442086913855, 11.83864844105091230, 39.48842545739044141 ) ) ;
#231 = CIRCLE ( 'NONE', #1004, 2.000000000000001776 ) ;
#232 = EDGE_CURVE ( 'NONE', #1400, #1102, #1774, .T. ) ;
#233 = LINE ( 'NONE', #198, #355 ) ;
#234 = ORIENTED_EDGE ( 'NONE', *, *, #1950, .F. ) ;
#235 = CARTESIAN_POINT ( 'NONE',  ( 91.99708829693933865, -12.38231007120186788, -38.69909643529523890 ) ) ;
#236 = CARTESIAN_POINT ( 'NONE',  ( -92.00000000000002842, 12.49999999999998757, -50.00000000000000000 ) ) ;
#237 = VERTEX_POINT ( 'NONE', #1449 ) ;
#238 = CARTESIAN_POINT ( 'NONE',  ( -100.0000000000000142, 10.50000000000001243, -40.00000000000000711 ) ) ;
#239 = ORIENTED_EDGE ( 'NONE', *, *, #432, .F. ) ;
#240 = DIRECTION ( 'NONE',  ( -1.000000000000000000, 0.000000000000000000, 0.000000000000000000 ) ) ;
#241 = LINE ( 'NONE', #75, #182 ) ;
#242 = CARTESIAN_POINT ( 'NONE',  ( 88.69025793329664964, 10.97858450129180063, 39.94625860064638800 ) ) ;
#243 = CARTESIAN_POINT ( 'NONE',  ( -89.82096687192367312, 10.49999999999999112, -40.00000000000001421 ) ) ;
#244 = EDGE_CURVE ( 'NONE', #1269, #2185, #303, .T. ) ;
#245 = EDGE_LOOP ( 'NONE', ( #2152, #33 ) ) ;
#246 = CARTESIAN_POINT ( 'NONE',  ( 91.81039688532244725, -11.63527336335204154, -39.65419608354519454 ) ) ;
#247 = ADVANCED_FACE ( 'NONE', ( #1084 ), #1046, .F. ) ;
#248 = CARTESIAN_POINT ( 'NONE',  ( 99.99999999999998579, 17.50000000000001066, 50.00000000000000000 ) ) ;
#249 = VERTEX_POINT ( 'NONE', #1786 ) ;
#250 = CARTESIAN_POINT ( 'NONE',  ( -88.51167047718899994, -11.16124141038071116, -39.88862526623204730 ) ) ;
#251 = ORIENTED_EDGE ( 'NONE', *, *, #1239, .F. ) ;
#252 = CARTESIAN_POINT ( 'NONE',  ( 99.99999999999998579, -12.50000000000001066, 38.00000000000000000 ) ) ;
#253 = CARTESIAN_POINT ( 'NONE',  ( -100.0000000000000142, -12.50000000000001066, 40.00000000000000000 ) ) ;
#254 = CARTESIAN_POINT ( 'NONE',  ( 99.99999999999998579, 10.50000000000001243, 40.00000000000000000 ) ) ;
#255 = AXIS2_PLACEMENT_3D ( 'NONE', #1704, #1357, #98 ) ;
#256 = VERTEX_POINT ( 'NONE', #2169 ) ;
#257 = FACE_OUTER_BOUND ( 'NONE', #739, .T. ) ;
#258 = CARTESIAN_POINT ( 'NONE',  ( 90.00000000000001421, 14.49999999999998401, -50.00000000000000000 ) ) ;
#259 = ADVANCED_FACE ( 'NONE', ( #2342, #1973, #142, #521, #1993, #1413, #2190, #867 ), #878, .T. ) ;
#260 = EDGE_LOOP ( 'NONE', ( #1727, #946 ) ) ;
#261 = CARTESIAN_POINT ( 'NONE',  ( -88.00291170306073241, -12.38231007120186966, -38.69909643529525312 ) ) ;
#262 = ADVANCED_FACE ( 'NONE', ( #343 ), #544, .F. ) ;
#263 = ORIENTED_EDGE ( 'NONE', *, *, #805, .F. ) ;
#264 = CARTESIAN_POINT ( 'NONE',  ( 99.99999999999998579, -10.50000000000001066, -40.00000000000000711 ) ) ;
#265 = VECTOR ( 'NONE', #759, 1000.000000000000000 ) ;
#266 = VECTOR ( 'NONE', #2291, 1000.000000000000000 ) ;
#267 = CARTESIAN_POINT ( 'NONE',  ( 99.99999999999998579, -10.50000000000001066, 38.00000000000000000 ) ) ;
#268 = CARTESIAN_POINT ( 'NONE',  ( 88.00671923009736020, 12.31302102281876287, 38.86253080022055428 ) ) ;
#269 = CYLINDRICAL_SURFACE ( 'NONE', #1615, 2.000000000000001776 ) ;
#270 = DIRECTION ( 'NONE',  ( 1.000000000000000000, 0.000000000000000000, 0.000000000000000000 ) ) ;
#271 = VECTOR ( 'NONE', #201, 1000.000000000000000 ) ;
#272 = VERTEX_POINT ( 'NONE', #154 ) ;
#273 = CARTESIAN_POINT ( 'NONE',  ( 88.00000000000002842, 12.49999999999998757, -50.00000000000000000 ) ) ;
#274 = B_SPLINE_CURVE_WITH_KNOTS ( 'NONE', 3,
 ( #1103, #1493, #410, #1289, #1640, #363, #1480, #2199, #1846, #932, #1664, #756, #911, #223, #2223, #398, #2235, #187, #1858, #212 ),
 .UNSPECIFIED., .F., .F.,
 ( 4, 2, 2, 2, 2, 2, 2, 2, 2, 4 ),
 ( 0.004238689945022168504, 0.004767910255252724543, 0.005297130565483280581, 0.005826350875713837488, 0.006090961030829114206, 0.006355571185944390057, 0.006884791496174956504, 0.007414011806405523819, 0.007943232116636091134, 0.008472452426866658448 ),
 .UNSPECIFIED. ) ;
#275 = ORIENTED_EDGE ( 'NONE', *, *, #938, .F. ) ;
#276 = EDGE_CURVE ( 'NONE', #1972, #1170, #2149, .T. ) ;
#277 = DIRECTION ( 'NONE',  ( 0.000000000000000000, 0.000000000000000000, -1.000000000000000000 ) ) ;
#278 = CARTESIAN_POINT ( 'NONE',  ( -47.50000000000000000, -1.387778780781445676E-14, 50.00000000000000000 ) ) ;
#279 = DIRECTION ( 'NONE',  ( 0.000000000000000000, -1.000000000000000000, 0.000000000000000000 ) ) ;
#280 = DIRECTION ( 'NONE',  ( 0.000000000000000000, 0.000000000000000000, 1.000000000000000000 ) ) ;
#281 = ORIENTED_EDGE ( 'NONE', *, *, #2011, .F. ) ;
#282 = VECTOR ( 'NONE', #1356, 1000.000000000000000 ) ;
#283 = PLANE ( 'NONE',  #1180 ) ;
#284 =( GEOMETRIC_REPRESENTATION_CONTEXT ( 3 ) GLOBAL_UNCERTAINTY_ASSIGNED_CONTEXT ( ( #1642 ) ) GLOBAL_UNIT_ASSIGNED_CONTEXT ( ( #1579, #1383, #676 ) ) REPRESENTATION_CONTEXT ( 'NONE', 'WORKASPACE' ) );
#285 = EDGE_CURVE ( 'NONE', #1133, #1219, #1632, .T. ) ;
#286 = CARTESIAN_POINT ( 'NONE',  ( -90.35442843618463371, -10.52361610213456622, -40.00041008545317567 ) ) ;
#287 = ORIENTED_EDGE ( 'NONE', *, *, #742, .F. ) ;
#288 = CARTESIAN_POINT ( 'NONE',  ( -90.00000000000002842, 12.49999999999998757, -35.00000000000000000 ) ) ;
#289 = ADVANCED_FACE ( 'NONE', ( #1812 ), #710, .F. ) ;
#290 = EDGE_CURVE ( 'NONE', #1344, #1831, #1258, .T. ) ;
#291 = VECTOR ( 'NONE', #1489, 1000.000000000000000 ) ;
#292 = B_SPLINE_CURVE_WITH_KNOTS ( 'NONE', 3,
 ( #1156, #1310, #978, #930, #1141, #2047, #433, #408, #1662, #396, #1111, #2221, #2036, #1893, #2242, #2074, #968, #754, #243, #1298 ),
 .UNSPECIFIED., .F., .F.,
 ( 4, 2, 2, 2, 2, 2, 2, 2, 2, 4 ),
 ( 0.000000000000000000, 0.0005298362431277618472, 0.001059672486255523694, 0.001589508729383285433, 0.001854426850947166628, 0.002119344972511047389, 0.002649181215638836667, 0.003179017458766626378, 0.003708853701894416089, 0.004238689945022205800 ),
 .UNSPECIFIED. ) ;
#293 = LINE ( 'NONE', #1427, #219 ) ;
#294 = CARTESIAN_POINT ( 'NONE',  ( -88.00000000000002842, -12.50000000000000888, 38.17911071567694137 ) ) ;
#295 = CARTESIAN_POINT ( 'NONE',  ( 90.00000000000002842, 12.49999999999998757, -50.00000000000000000 ) ) ;
#296 = CARTESIAN_POINT ( 'NONE',  ( 50.00000000000000000, -1.387778780781445676E-14, 39.99999999999999289 ) ) ;
#297 = ORIENTED_EDGE ( 'NONE', *, *, #1801, .T. ) ;
#298 = CARTESIAN_POINT ( 'NONE',  ( -92.00041300743923500, -12.47632755229009405, 38.35490341791749813 ) ) ;
#299 = AXIS2_PLACEMENT_3D ( 'NONE', #1370, #1176, #1012 ) ;
#300 = PRODUCT_DEFINITION ( 'General', '', #27, #2201 ) ;
#301 = CARTESIAN_POINT ( 'NONE',  ( -90.00000000000001421, -10.50000000000001776, -40.00000000000000711 ) ) ;
#302 = ORIENTED_EDGE ( 'NONE', *, *, #1963, .F. ) ;
#303 = LINE ( 'NONE', #1426, #1567 ) ;
#304 = PRODUCT ( 'Center-Wing-Brace', 'Center-Wing-Brace', '', ( #986 ) ) ;
#305 = VECTOR ( 'NONE', #1055, 1000.000000000000000 ) ;
#306 = CARTESIAN_POINT ( 'NONE',  ( 88.18960311467762381, 11.63527336335203266, -39.65419608354523007 ) ) ;
#307 = EDGE_LOOP ( 'NONE', ( #186, #1303, #263, #321 ) ) ;
#308 = LINE ( 'NONE', #1036, #394 ) ;
#309 = AXIS2_PLACEMENT_3D ( 'NONE', #2126, #482, #1205 ) ;
#310 = EDGE_CURVE ( 'NONE', #1479, #368, #1488, .T. ) ;
#311 = CARTESIAN_POINT ( 'NONE',  ( -90.00000000000002842, -17.50000000000003908, 35.00000000000001421 ) ) ;
#312 = DIRECTION ( 'NONE',  ( 0.000000000000000000, 0.000000000000000000, 1.000000000000000000 ) ) ;
#313 = VERTEX_POINT ( 'NONE', #1763 ) ;
#314 = CARTESIAN_POINT ( 'NONE',  ( -91.96795220123186709, -12.13192949442079893, 39.16976082204689646 ) ) ;
#315 = AXIS2_PLACEMENT_3D ( 'NONE', #1227, #514, #1978 ) ;
#316 = AXIS2_PLACEMENT_3D ( 'NONE', #2340, #697, #1019 ) ;
#317 = DIRECTION ( 'NONE',  ( -1.000000000000000000, 0.000000000000000000, 0.000000000000000000 ) ) ;
#318 = ORIENTED_EDGE ( 'NONE', *, *, #1849, .T. ) ;
#319 = CARTESIAN_POINT ( 'NONE',  ( 47.50000000000000000, -1.357162610802761731E-14, -50.00000000000000000 ) ) ;
#320 = CARTESIAN_POINT ( 'NONE',  ( 92.00040449378454355, 12.47636363448657448, -38.35423490242202860 ) ) ;
#321 = ORIENTED_EDGE ( 'NONE', *, *, #2375, .F. ) ;
#322 = CARTESIAN_POINT ( 'NONE',  ( 99.99999999999998579, 10.50000000000001243, 40.00000000000000000 ) ) ;
#323 = CARTESIAN_POINT ( 'NONE',  ( -88.00000000000002842, 12.49999999999998757, -50.00000000000000000 ) ) ;
#324 = FACE_OUTER_BOUND ( 'NONE', #586, .T. ) ;
#325 = ORIENTED_EDGE ( 'NONE', *, *, #1817, .T. ) ;
#326 = CARTESIAN_POINT ( 'NONE',  ( -91.69084895540352420, -11.42885478592338266, 39.77300066546954582 ) ) ;
#327 = VECTOR ( 'NONE', #1021, 1000.000000000000000 ) ;
#328 = CARTESIAN_POINT ( 'NONE',  ( -92.00000000000001421, -12.50000000000001066, -38.17911071567696268 ) ) ;
#329 = ORIENTED_EDGE ( 'NONE', *, *, #2035, .F. ) ;
#330 = CARTESIAN_POINT ( 'NONE',  ( -100.0000000000000142, 12.50000000000001243, 38.00000000000000000 ) ) ;
#331 = VECTOR ( 'NONE', #67, 1000.000000000000000 ) ;
#332 = CARTESIAN_POINT ( 'NONE',  ( 89.30356537317848620, 10.61681436787535304, -39.99712917811442026 ) ) ;
#333 = VERTEX_POINT ( 'NONE', #121 ) ;
#334 = CARTESIAN_POINT ( 'NONE',  ( 90.00000000000001421, -17.50000000000001776, -35.00000000000000000 ) ) ;
#335 = AXIS2_PLACEMENT_3D ( 'NONE', #2219, #1818, #1672 ) ;
#336 = CARTESIAN_POINT ( 'NONE',  ( 50.00000000000000000, -1.387778780781445676E-14, -40.00000000000000711 ) ) ;
#337 = ORIENTED_EDGE ( 'NONE', *, *, #1271, .F. ) ;
#338 = DIRECTION ( 'NONE',  ( -1.000000000000000000, 0.000000000000000000, -0.000000000000000000 ) ) ;
#339 = ADVANCED_FACE ( 'NONE', ( #856 ), #2319, .F. ) ;
#340 = CYLINDRICAL_SURFACE ( 'NONE', #1305, 2.000000000000001776 ) ;
#341 = VERTEX_POINT ( 'NONE', #1127 ) ;
#342 = AXIS2_PLACEMENT_3D ( 'NONE', #1408, #2150, #2114 ) ;
#343 = FACE_OUTER_BOUND ( 'NONE', #974, .T. ) ;
#344 = EDGE_CURVE ( 'NONE', #1710, #272, #2299, .T. ) ;
#345 = CARTESIAN_POINT ( 'NONE',  ( 88.00000000000002842, 12.50000000000001243, -38.00000000000001421 ) ) ;
#346 = VERTEX_POINT ( 'NONE', #216 ) ;
#347 = CARTESIAN_POINT ( 'NONE',  ( -89.64556795861119554, 10.52369353527502227, 40.00040225129951921 ) ) ;
#348 = DIRECTION ( 'NONE',  ( 0.000000000000000000, 0.000000000000000000, 1.000000000000000000 ) ) ;
#349 = VECTOR ( 'NONE', #1657, 1000.000000000000000 ) ;
#350 = ORIENTED_EDGE ( 'NONE', *, *, #2356, .T. ) ;
#351 = CARTESIAN_POINT ( 'NONE',  ( 90.00000000000002842, 12.49999999999998757, 50.00000000000000000 ) ) ;
#352 = ADVANCED_FACE ( 'NONE', ( #1485 ), #1304, .F. ) ;
#353 = VERTEX_POINT ( 'NONE', #226 ) ;
#354 = CARTESIAN_POINT ( 'NONE',  ( 0.000000000000000000, 0.000000000000000000, -50.00000000000000000 ) ) ;
#355 = VECTOR ( 'NONE', #571, 1000.000000000000000 ) ;
#356 = EDGE_CURVE ( 'NONE', #493, #2042, #1375, .T. ) ;
#357 = CARTESIAN_POINT ( 'NONE',  ( 88.05349994591800566, -12.02281760682062206, -39.30789391775515895 ) ) ;
#358 = ORIENTED_EDGE ( 'NONE', *, *, #2220, .F. ) ;
#359 = CARTESIAN_POINT ( 'NONE',  ( -90.00000000000002842, -10.50000000000001776, 40.00000000000000000 ) ) ;
#360 = APPLICATION_CONTEXT ( 'automotive_design' ) ;
#361 = PLANE ( 'NONE',  #1495 ) ;
#362 = ORIENTED_EDGE ( 'NONE', *, *, #716, .F. ) ;
#363 = CARTESIAN_POINT ( 'NONE',  ( 88.83416079115461628, -10.86544418603136108, 39.96839150938711782 ) ) ;
#364 = DIRECTION ( 'NONE',  ( -0.000000000000000000, -0.000000000000000000, 1.000000000000000000 ) ) ;
#365 = ORIENTED_EDGE ( 'NONE', *, *, #1594, .F. ) ;
#366 = FACE_BOUND ( 'NONE', #2189, .T. ) ;
#367 = CARTESIAN_POINT ( 'NONE',  ( 87.99959550621548487, -12.47636363448656915, -38.35423490242201439 ) ) ;
#368 = VERTEX_POINT ( 'NONE', #960 ) ;
#369 = CARTESIAN_POINT ( 'NONE',  ( -88.51167047718897152, 11.16124141038068451, 39.88862526623202598 ) ) ;
#370 = ADVANCED_FACE ( 'NONE', ( #1873 ), #1117, .F. ) ;
#371 = AXIS2_PLACEMENT_3D ( 'NONE', #971, #993, #1882 ) ;
#372 = CARTESIAN_POINT ( 'NONE',  ( 90.69804058466556285, -10.61732844864596359, 39.99710597250147970 ) ) ;
#373 = EDGE_CURVE ( 'NONE', #2257, #1102, #1851, .T. ) ;
#374 = EDGE_LOOP ( 'NONE', ( #1338, #225, #2285, #811 ) ) ;
#375 = CARTESIAN_POINT ( 'NONE',  ( -90.00000000000002842, -17.50000000000003908, 35.00000000000001421 ) ) ;
#376 = FACE_OUTER_BOUND ( 'NONE', #567, .T. ) ;
#377 = ORIENTED_EDGE ( 'NONE', *, *, #2011, .T. ) ;
#378 = DIRECTION ( 'NONE',  ( -1.000000000000000000, 0.000000000000000000, -0.000000000000000000 ) ) ;
#379 = CARTESIAN_POINT ( 'NONE',  ( -92.00000000000002842, 12.50000000000001243, 38.00000000000000000 ) ) ;
#380 = CARTESIAN_POINT ( 'NONE',  ( -91.86754412510082091, 11.77247800692555124, -39.55273514368460752 ) ) ;
#381 = AXIS2_PLACEMENT_3D ( 'NONE', #1052, #692, #1421 ) ;
#382 = DIRECTION ( 'NONE',  ( -0.000000000000000000, -0.000000000000000000, 1.000000000000000000 ) ) ;
#383 = LINE ( 'NONE', #2253, #2270 ) ;
#384 = EDGE_CURVE ( 'NONE', #2202, #804, #1796, .T. ) ;
#385 = VECTOR ( 'NONE', #1668, 1000.000000000000000 ) ;
#386 = ORIENTED_EDGE ( 'NONE', *, *, #1575, .F. ) ;
#387 = DIRECTION ( 'NONE',  ( 1.000000000000000000, 0.000000000000000000, 0.000000000000000000 ) ) ;
#388 = DIRECTION ( 'NONE',  ( 1.000000000000000000, 0.000000000000000000, 0.000000000000000000 ) ) ;
#389 = ORIENTED_EDGE ( 'NONE', *, *, #2236, .F. ) ;
#390 = DIRECTION ( 'NONE',  ( 1.000000000000000000, 0.000000000000000000, 0.000000000000000000 ) ) ;
#391 = CARTESIAN_POINT ( 'NONE',  ( 88.19262594037142833, -11.64052106005681786, -39.64506774705404979 ) ) ;
#392 = EDGE_LOOP ( 'NONE', ( #1834, #2324, #701, #1969 ) ) ;
#393 = AXIS2_PLACEMENT_3D ( 'NONE', #873, #146, #1601 ) ;
#394 = VECTOR ( 'NONE', #859, 1000.000000000000000 ) ;
#395 = DIRECTION ( 'NONE',  ( 0.000000000000000000, 1.000000000000000000, 0.000000000000000000 ) ) ;
#396 = CARTESIAN_POINT ( 'NONE',  ( -88.19262594037139991, 11.64052106005680898, -39.64506774705407821 ) ) ;
#397 = ORIENTED_EDGE ( 'NONE', *, *, #71, .T. ) ;
#398 = CARTESIAN_POINT ( 'NONE',  ( 88.00672242675203449, -12.31249992160764606, 38.86393187794446646 ) ) ;
#399 = FACE_OUTER_BOUND ( 'NONE', #2165, .T. ) ;
#400 = EDGE_CURVE ( 'NONE', #620, #1884, #1645, .T. ) ;
#401 = ORIENTED_EDGE ( 'NONE', *, *, #1321, .T. ) ;
#402 = FACE_BOUND ( 'NONE', #698, .T. ) ;
#403 = DIRECTION ( 'NONE',  ( 0.000000000000000000, 0.000000000000000000, -1.000000000000000000 ) ) ;
#404 = ORIENTED_EDGE ( 'NONE', *, *, #737, .F. ) ;
#405 = B_SPLINE_CURVE_WITH_KNOTS ( 'NONE', 3,
 ( #1571, #328, #1941, #130, #1044, #1592, #2154, #2306, #708, #1772, #2326, #519, #1583, #507, #1231, #1057, #1784, #286, #140, #301 ),
 .UNSPECIFIED., .F., .F.,
 ( 4, 2, 2, 2, 2, 2, 2, 2, 2, 4 ),
 ( 7.152448122690996019E-18, 0.0005298362431277740987, 0.001059672486255541042, 0.001589508729383307985, 0.001854426850947191565, 0.002119344972511074711, 0.002649181215638854881, 0.003179017458766635051, 0.003708853701894415222, 0.004238689945022195392 ),
 .UNSPECIFIED. ) ;
#406 = CARTESIAN_POINT ( 'NONE',  ( -90.00000000000002842, 12.49999999999998757, -50.00000000000000000 ) ) ;
#407 = VECTOR ( 'NONE', #1352, 1000.000000000000000 ) ;
#408 = CARTESIAN_POINT ( 'NONE',  ( -88.11141442086913855, 11.83864844105091230, -39.48842545739045562 ) ) ;
#409 = ORIENTED_EDGE ( 'NONE', *, *, #936, .T. ) ;
#410 = CARTESIAN_POINT ( 'NONE',  ( 89.64556795861123817, -10.52369353527504714, 40.00040225129953342 ) ) ;
#411 = CARTESIAN_POINT ( 'NONE',  ( 88.00000000000002842, -12.50000000000001421, -50.00000000000000000 ) ) ;
#412 = EDGE_LOOP ( 'NONE', ( #1235, #1471 ) ) ;
#413 = DIRECTION ( 'NONE',  ( -0.000000000000000000, -0.000000000000000000, 1.000000000000000000 ) ) ;
#414 = EDGE_CURVE ( 'NONE', #25, #1996, #1835, .T. ) ;
#415 = CARTESIAN_POINT ( 'NONE',  ( -90.00000000000002842, 10.49999999999999112, -40.00000000000001421 ) ) ;
#416 = AXIS2_PLACEMENT_3D ( 'NONE', #267, #441, #1165 ) ;
#417 = CARTESIAN_POINT ( 'NONE',  ( 5.000000000000000000, 0.000000000000000000, -40.00000000000000711 ) ) ;
#418 = DIRECTION ( 'NONE',  ( 0.000000000000000000, 0.000000000000000000, -1.000000000000000000 ) ) ;
#419 = ORIENTED_EDGE ( 'NONE', *, *, #1906, .T. ) ;
#420 = DIRECTION ( 'NONE',  ( 0.000000000000000000, 0.000000000000000000, -1.000000000000000000 ) ) ;
#421 = FACE_OUTER_BOUND ( 'NONE', #645, .T. ) ;
#422 = ORIENTED_EDGE ( 'NONE', *, *, #129, .T. ) ;
#423 = PLANE ( 'NONE',  #227 ) ;
#424 = ORIENTED_EDGE ( 'NONE', *, *, #1963, .T. ) ;
#425 = CARTESIAN_POINT ( 'NONE',  ( -90.69643462682158486, 10.61681436787535660, -39.99712917811442026 ) ) ;
#426 = EDGE_CURVE ( 'NONE', #1975, #1136, #1644, .T. ) ;
#427 = EDGE_CURVE ( 'NONE', #1884, #1531, #34, .T. ) ;
#428 = FACE_OUTER_BOUND ( 'NONE', #45, .T. ) ;
#429 = VECTOR ( 'NONE', #526, 1000.000000000000000 ) ;
#430 = FACE_OUTER_BOUND ( 'NONE', #2238, .T. ) ;
#431 = AXIS2_PLACEMENT_3D ( 'NONE', #296, #312, #137 ) ;
#432 = EDGE_CURVE ( 'NONE', #1517, #1366, #647, .T. ) ;
#433 = CARTESIAN_POINT ( 'NONE',  ( -88.05349994591797724, 12.02281760682062561, -39.30789391775516606 ) ) ;
#434 = ORIENTED_EDGE ( 'NONE', *, *, #612, .F. ) ;
#435 = LINE ( 'NONE', #467, #576 ) ;
#436 = DIRECTION ( 'NONE',  ( 0.000000000000000000, 0.000000000000000000, 1.000000000000000000 ) ) ;
#437 = ORIENTED_EDGE ( 'NONE', *, *, #2302, .T. ) ;
#438 = DIRECTION ( 'NONE',  ( -0.000000000000000000, -0.000000000000000000, 1.000000000000000000 ) ) ;
#439 = ORIENTED_EDGE ( 'NONE', *, *, #204, .F. ) ;
#440 = DIRECTION ( 'NONE',  ( 0.000000000000000000, 0.000000000000000000, 1.000000000000000000 ) ) ;
#441 = DIRECTION ( 'NONE',  ( -1.000000000000000000, 0.000000000000000000, 0.000000000000000000 ) ) ;
#442 = DIRECTION ( 'NONE',  ( 0.000000000000000000, 0.000000000000000000, 1.000000000000000000 ) ) ;
#443 = EDGE_CURVE ( 'NONE', #1496, #1975, #2043, .T. ) ;
#444 = EDGE_LOOP ( 'NONE', ( #539, #2314 ) ) ;
#445 = ADVANCED_FACE ( 'NONE', ( #747, #2226, #402, #1316, #366, #1280, #1472, #1825 ), #2379, .F. ) ;
#446 = FACE_OUTER_BOUND ( 'NONE', #2160, .T. ) ;
#447 = VECTOR ( 'NONE', #1723, 1000.000000000000000 ) ;
#448 = EDGE_CURVE ( 'NONE', #256, #72, #572, .T. ) ;
#449 = CARTESIAN_POINT ( 'NONE',  ( 52.50000000000000711, -1.387778780781445676E-14, -50.00000000000000000 ) ) ;
#450 = VERTEX_POINT ( 'NONE', #1293 ) ;
#451 = CARTESIAN_POINT ( 'NONE',  ( -100.0000000000000142, -12.50000000000001066, 40.00000000000000000 ) ) ;
#452 = EDGE_LOOP ( 'NONE', ( #1098, #1872, #577, #1388, #1066 ) ) ;
#453 = DIRECTION ( 'NONE',  ( 0.000000000000000000, 0.000000000000000000, 1.000000000000000000 ) ) ;
#454 = CARTESIAN_POINT ( 'NONE',  ( -92.00000000000002842, 12.50000000000001421, 38.17911071567696979 ) ) ;
#455 = CARTESIAN_POINT ( 'NONE',  ( -90.00000000000002842, -17.50000000000003908, -35.00000000000000000 ) ) ;
#456 = CARTESIAN_POINT ( 'NONE',  ( 91.96795220123186709, -12.13192949442079716, -39.16976082204691068 ) ) ;
#457 = CARTESIAN_POINT ( 'NONE',  ( 0.000000000000000000, 0.000000000000000000, -50.00000000000000000 ) ) ;
#458 = EDGE_CURVE ( 'NONE', #1850, #2354, #2028, .T. ) ;
#459 = ADVANCED_FACE ( 'NONE', ( #2081, #996 ), #423, .F. ) ;
#460 = ORIENTED_EDGE ( 'NONE', *, *, #2191, .F. ) ;
#461 = CARTESIAN_POINT ( 'NONE',  ( -5.000000000000000000, 6.123233995736766282E-16, -50.00000000000000000 ) ) ;
#462 = ORIENTED_EDGE ( 'NONE', *, *, #373, .F. ) ;
#463 = FACE_OUTER_BOUND ( 'NONE', #1192, .T. ) ;
#464 = AXIS2_PLACEMENT_3D ( 'NONE', #578, #1137, #1460 ) ;
#465 = CARTESIAN_POINT ( 'NONE',  ( -92.00000000000002842, -12.50000000000001421, -50.00000000000000000 ) ) ;
#466 = LINE ( 'NONE', #1923, #1539 ) ;
#467 = CARTESIAN_POINT ( 'NONE',  ( -90.00000000000002842, -17.50000000000003908, -35.00000000000000000 ) ) ;
#468 = CIRCLE ( 'NONE', #393, 2.000000000000001776 ) ;
#469 = ORIENTED_EDGE ( 'NONE', *, *, #965, .F. ) ;
#470 = CARTESIAN_POINT ( 'NONE',  ( -88.35524381938502358, -11.35904193482816815, -39.80757536146322906 ) ) ;
#471 = ADVANCED_FACE ( 'NONE', ( #1918 ), #644, .F. ) ;
#472 = CARTESIAN_POINT ( 'NONE',  ( -88.00000000000002842, 12.50000000000001243, 38.00000000000000000 ) ) ;
#473 = ORIENTED_EDGE ( 'NONE', *, *, #669, .F. ) ;
#474 = FACE_OUTER_BOUND ( 'NONE', #1324, .T. ) ;
#475 = DIRECTION ( 'NONE',  ( 0.000000000000000000, 0.000000000000000000, -1.000000000000000000 ) ) ;
#476 = LINE ( 'NONE', #1753, #196 ) ;
#477 = PRODUCT_DEFINITION_SHAPE ( 'NONE', 'NONE',  #300 ) ;
#478 = EDGE_CURVE ( 'NONE', #804, #2202, #879, .T. ) ;
#479 = CARTESIAN_POINT ( 'NONE',  ( 90.00000000000001421, -17.50000000000001776, 35.00000000000001421 ) ) ;
#480 = B_SPLINE_CURVE_WITH_KNOTS ( 'NONE', 3,
 ( #1144, #1698, #1339, #1881, #1518, #779, #1708, #957, #632, #1363, #594, #246, #54, #2103, #456, #1914, #235, #2255, #970, #2060 ),
 .UNSPECIFIED., .F., .F.,
 ( 4, 2, 2, 2, 2, 2, 2, 2, 2, 4 ),
 ( 0.004238689945022183249, 0.004767910255252731482, 0.005297130565483279714, 0.005826350875713827947, 0.006090961030829102063, 0.006355571185944377047, 0.006884791496174947831, 0.007414011806405518615, 0.007943232116636089399, 0.008472452426866660183 ),
 .UNSPECIFIED. ) ;
#481 = VERTEX_POINT ( 'NONE', #1701 ) ;
#482 = DIRECTION ( 'NONE',  ( 1.000000000000000000, 0.000000000000000000, -0.000000000000000000 ) ) ;
#483 = VECTOR ( 'NONE', #2040, 1000.000000000000000 ) ;
#484 = CARTESIAN_POINT ( 'NONE',  ( -90.00000000000002842, 12.49999999999998757, 50.00000000000000000 ) ) ;
#485 = EDGE_LOOP ( 'NONE', ( #528, #794 ) ) ;
#486 = DIRECTION ( 'NONE',  ( -0.000000000000000000, -0.000000000000000000, 1.000000000000000000 ) ) ;
#487 = ADVANCED_FACE ( 'NONE', ( #1908 ), #283, .F. ) ;
#488 = CARTESIAN_POINT ( 'NONE',  ( 90.00000000000001421, -14.50000000000001066, -50.00000000000000000 ) ) ;
#489 = VERTEX_POINT ( 'NONE', #1161 ) ;
#490 = PLANE ( 'NONE',  #1037 ) ;
#491 = DIRECTION ( 'NONE',  ( -0.000000000000000000, -0.000000000000000000, -1.000000000000000000 ) ) ;
#492 = SURFACE_STYLE_FILL_AREA ( #2135 ) ;
#493 = VERTEX_POINT ( 'NONE', #1711 ) ;
#494 = LINE ( 'NONE', #2352, #1183 ) ;
#495 = CARTESIAN_POINT ( 'NONE',  ( -90.00000000000002842, -12.50000000000001421, -50.00000000000000000 ) ) ;
#496 = ORIENTED_EDGE ( 'NONE', *, *, #936, .F. ) ;
#497 = CYLINDRICAL_SURFACE ( 'NONE', #955, 2.000000000000001776 ) ;
#498 = CARTESIAN_POINT ( 'NONE',  ( 87.99958699256085026, 12.47632755229009938, -38.35490341791750524 ) ) ;
#499 = EDGE_LOOP ( 'NONE', ( #424, #1656 ) ) ;
#500 = DIRECTION ( 'NONE',  ( -1.387778780781445676E-16, 1.000000000000000000, 0.000000000000000000 ) ) ;
#501 = CARTESIAN_POINT ( 'NONE',  ( 99.99999999999998579, 12.50000000000001243, -38.00000000000001421 ) ) ;
#502 = DIRECTION ( 'NONE',  ( 0.000000000000000000, 0.000000000000000000, -1.000000000000000000 ) ) ;
#503 = EDGE_LOOP ( 'NONE', ( #1560, #1042, #758, #750, #1568, #858 ) ) ;
#504 = CARTESIAN_POINT ( 'NONE',  ( -91.54365462822258337, -11.22558303961417714, 39.86515709413082220 ) ) ;
#505 = AXIS2_PLACEMENT_3D ( 'NONE', #1039, #1578, #675 ) ;
#506 = AXIS2_PLACEMENT_3D ( 'NONE', #334, #1063, #2311 ) ;
#507 = CARTESIAN_POINT ( 'NONE',  ( -91.30974206670342141, -10.97858450129181840, -39.94625860064640221 ) ) ;
#508 = EDGE_LOOP ( 'NONE', ( #1894, #422, #275, #720, #180, #1992, #536, #1157 ) ) ;
#509 = CARTESIAN_POINT ( 'NONE',  ( -100.0000000000000142, -10.50000000000001066, 38.00000000000000000 ) ) ;
#510 = CARTESIAN_POINT ( 'NONE',  ( 89.82117499734870592, 10.49999999999998934, -40.00000000000002842 ) ) ;
#511 = ORIENTED_EDGE ( 'NONE', *, *, #85, .F. ) ;
#512 = DIRECTION ( 'NONE',  ( -0.000000000000000000, -0.000000000000000000, 1.000000000000000000 ) ) ;
#513 = ADVANCED_FACE ( 'NONE', ( #84 ), #70, .F. ) ;
#514 = DIRECTION ( 'NONE',  ( 0.000000000000000000, 0.000000000000000000, 1.000000000000000000 ) ) ;
#515 = EDGE_CURVE ( 'NONE', #1517, #2222, #1928, .T. ) ;
#516 = VERTEX_POINT ( 'NONE', #2283 ) ;
#517 = EDGE_CURVE ( 'NONE', #1939, #1079, #802, .T. ) ;
#518 = CARTESIAN_POINT ( 'NONE',  ( -91.64475618061504747, -11.35904193482815572, 39.80757536146323616 ) ) ;
#519 = CARTESIAN_POINT ( 'NONE',  ( -91.65406126740140280, -11.36455948432382357, -39.81045491387474300 ) ) ;
#520 = VERTEX_POINT ( 'NONE', #1377 ) ;
#521 = FACE_BOUND ( 'NONE', #624, .T. ) ;
#522 = MECHANICAL_DESIGN_GEOMETRIC_PRESENTATION_REPRESENTATION (  '', ( #1241 ), #284 ) ;
#523 = CARTESIAN_POINT ( 'NONE',  ( -90.86347519087078695, 10.68729660878318732, 39.99329095712796089 ) ) ;
#524 = ORIENTED_EDGE ( 'NONE', *, *, #244, .T. ) ;
#525 = CARTESIAN_POINT ( 'NONE',  ( 92.00000000000002842, -12.50000000000001066, -38.00000000000001421 ) ) ;
#526 = DIRECTION ( 'NONE',  ( -0.000000000000000000, 1.000000000000000000, -0.000000000000000000 ) ) ;
#527 = EDGE_CURVE ( 'NONE', #77, #1886, #1017, .T. ) ;
#528 = ORIENTED_EDGE ( 'NONE', *, *, #356, .F. ) ;
#529 = LINE ( 'NONE', #1957, #803 ) ;
#530 = EDGE_CURVE ( 'NONE', #1821, #962, #2258, .T. ) ;
#531 = ORIENTED_EDGE ( 'NONE', *, *, #1314, .F. ) ;
#532 = AXIS2_PLACEMENT_3D ( 'NONE', #1306, #1281, #2192 ) ;
#533 = DIRECTION ( 'NONE',  ( 0.000000000000000000, 0.000000000000000000, 1.000000000000000000 ) ) ;
#534 = EDGE_CURVE ( 'NONE', #2338, #1909, #589, .T. ) ;
#535 = CARTESIAN_POINT ( 'NONE',  ( 88.34593873259865404, -11.36455948432382534, -39.81045491387474300 ) ) ;
#536 = ORIENTED_EDGE ( 'NONE', *, *, #1392, .F. ) ;
#537 = CARTESIAN_POINT ( 'NONE',  ( -88.34593873259865404, -11.36455948432383778, 39.81045491387473589 ) ) ;
#538 = DIRECTION ( 'NONE',  ( 1.000000000000000000, 0.000000000000000000, 0.000000000000000000 ) ) ;
#539 = ORIENTED_EDGE ( 'NONE', *, *, #1968, .T. ) ;
#540 = CARTESIAN_POINT ( 'NONE',  ( 90.69643462682158486, 10.61681436787535660, 39.99712917811441315 ) ) ;
#541 = DIRECTION ( 'NONE',  ( 0.000000000000000000, 0.000000000000000000, 1.000000000000000000 ) ) ;
#542 = ORIENTED_EDGE ( 'NONE', *, *, #71, .F. ) ;
#543 = EDGE_CURVE ( 'NONE', #1091, #1126, #625, .T. ) ;
#544 = CYLINDRICAL_SURFACE ( 'NONE', #1029, 2.500000000000002220 ) ;
#545 = CIRCLE ( 'NONE', #1844, 2.000000000000001776 ) ;
#546 = DIRECTION ( 'NONE',  ( 0.000000000000000000, 0.000000000000000000, 1.000000000000000000 ) ) ;
#547 = EDGE_LOOP ( 'NONE', ( #1959, #2243, #770, #2124 ) ) ;
#548 = CARTESIAN_POINT ( 'NONE',  ( -88.35524381938500937, 11.35904193482815572, 39.80757536146321485 ) ) ;
#549 = DIRECTION ( 'NONE',  ( -0.000000000000000000, -0.000000000000000000, -1.000000000000000000 ) ) ;
#550 = ORIENTED_EDGE ( 'NONE', *, *, #793, .F. ) ;
#551 = DIRECTION ( 'NONE',  ( -1.214306433183764720E-16, 1.000000000000000000, -0.000000000000000000 ) ) ;
#552 = CARTESIAN_POINT ( 'NONE',  ( -100.0000000000000142, 12.50000000000001243, -40.00000000000000711 ) ) ;
#553 = ORIENTED_EDGE ( 'NONE', *, *, #924, .F. ) ;
#554 = CARTESIAN_POINT ( 'NONE',  ( 0.000000000000000000, 0.000000000000000000, 39.99999999999999289 ) ) ;
#555 = CARTESIAN_POINT ( 'NONE',  ( -90.00000000000002842, 12.49999999999998757, -50.00000000000000000 ) ) ;
#556 = DIRECTION ( 'NONE',  ( 0.000000000000000000, 0.000000000000000000, 1.000000000000000000 ) ) ;
#557 = ADVANCED_FACE ( 'NONE', ( #1043 ), #1940, .F. ) ;
#558 = CARTESIAN_POINT ( 'NONE',  ( 92.00000000000004263, -12.50000000000001066, 38.00000000000000000 ) ) ;
#559 = DIRECTION ( 'NONE',  ( 1.000000000000000000, 0.000000000000000000, 0.000000000000000000 ) ) ;
#560 = EDGE_LOOP ( 'NONE', ( #1318, #2273, #1123, #1607 ) ) ;
#561 = DIRECTION ( 'NONE',  ( 0.000000000000000000, -1.000000000000000000, 0.000000000000000000 ) ) ;
#562 = CYLINDRICAL_SURFACE ( 'NONE', #786, 2.500000000000002220 ) ;
#563 = VERTEX_POINT ( 'NONE', #899 ) ;
#564 = DIRECTION ( 'NONE',  ( -1.000000000000000000, 0.000000000000000000, 0.000000000000000000 ) ) ;
#565 = VECTOR ( 'NONE', #639, 1000.000000000000000 ) ;
#566 = CARTESIAN_POINT ( 'NONE',  ( 90.00000000000004263, 10.49999999999999112, -40.00000000000001421 ) ) ;
#567 = EDGE_LOOP ( 'NONE', ( #1483, #1623, #1639, #2048, #83, #1500, #1535, #2108, #1266, #2016, #1130, #841 ) ) ;
#568 = EDGE_CURVE ( 'NONE', #1831, #1091, #1434, .T. ) ;
#569 = CARTESIAN_POINT ( 'NONE',  ( 92.00000000000004263, -12.50000000000001243, 38.17911071567694137 ) ) ;
#570 = EDGE_CURVE ( 'NONE', #1799, #2013, #1994, .T. ) ;
#571 = DIRECTION ( 'NONE',  ( -1.000000000000000000, 0.000000000000000000, -0.000000000000000000 ) ) ;
#572 = CIRCLE ( 'NONE', #1335, 2.500000000000002220 ) ;
#573 = ORIENTED_EDGE ( 'NONE', *, *, #568, .F. ) ;
#574 = DIRECTION ( 'NONE',  ( 1.000000000000000000, 0.000000000000000000, 0.000000000000000000 ) ) ;
#575 = CARTESIAN_POINT ( 'NONE',  ( -100.0000000000000142, -10.50000000000001066, 40.00000000000000000 ) ) ;
#576 = VECTOR ( 'NONE', #1904, 1000.000000000000000 ) ;
#577 = ORIENTED_EDGE ( 'NONE', *, *, #1286, .T. ) ;
#578 = CARTESIAN_POINT ( 'NONE',  ( 0.000000000000000000, 0.000000000000000000, 50.00000000000000000 ) ) ;
#579 = CARTESIAN_POINT ( 'NONE',  ( 89.82096687192363049, -10.50000000000001421, -40.00000000000000000 ) ) ;
#580 = ORIENTED_EDGE ( 'NONE', *, *, #2233, .T. ) ;
#581 = CARTESIAN_POINT ( 'NONE',  ( -50.00000000000000000, -1.387778780781445676E-14, -50.00000000000000000 ) ) ;
#582 = DIRECTION ( 'NONE',  ( -1.214306433183764720E-16, 1.000000000000000000, 0.000000000000000000 ) ) ;
#583 = ORIENTED_EDGE ( 'NONE', *, *, #1011, .F. ) ;
#584 = DIRECTION ( 'NONE',  ( 1.000000000000000000, 0.000000000000000000, 0.000000000000000000 ) ) ;
#585 = EDGE_CURVE ( 'NONE', #1909, #237, #1256, .T. ) ;
#586 = EDGE_LOOP ( 'NONE', ( #86, #473, #1439, #1628 ) ) ;
#587 = DIRECTION ( 'NONE',  ( -1.000000000000000000, 0.000000000000000000, 0.000000000000000000 ) ) ;
#588 = EDGE_LOOP ( 'NONE', ( #788, #762, #337, #10 ) ) ;
#589 = B_SPLINE_CURVE_WITH_KNOTS ( 'NONE', 3,
 ( #1328, #1354, #815, #1747, #1559, #2294, #636, #250, #2116, #470, #1193, #2093, #839, #597, #2064, #610, #261, #1148, #1342, #2272 ),
 .UNSPECIFIED., .F., .F.,
 ( 4, 2, 2, 2, 2, 2, 2, 2, 2, 4 ),
 ( 0.004238689945022195392, 0.004767910255252761839, 0.005297130565483328286, 0.005826350875713894734, 0.006090961030829175789, 0.006355571185944456844, 0.006884791496175005077, 0.007414011806405553309, 0.007943232116636101542, 0.008472452426866649774 ),
 .UNSPECIFIED. ) ;
#590 = CARTESIAN_POINT ( 'NONE',  ( 92.00000000000002842, 12.49999999999998757, -50.00000000000000000 ) ) ;
#591 = AXIS2_PLACEMENT_3D ( 'NONE', #813, #80, #634 ) ;
#592 = CARTESIAN_POINT ( 'NONE',  ( 47.50000000000000000, -1.357162610802761731E-14, 39.99999999999999289 ) ) ;
#593 = EDGE_LOOP ( 'NONE', ( #401, #1160, #653, #1204 ) ) ;
#594 = CARTESIAN_POINT ( 'NONE',  ( 91.69084895540349578, -11.42885478592337911, -39.77300066546954582 ) ) ;
#595 = CARTESIAN_POINT ( 'NONE',  ( 90.00000000000002842, 12.49999999999998757, 50.00000000000000000 ) ) ;
#596 = EDGE_LOOP ( 'NONE', ( #583, #437, #1360, #1920 ) ) ;
#597 = CARTESIAN_POINT ( 'NONE',  ( -88.05378997414045728, -12.02117242680754394, -39.31004624058194707 ) ) ;
#598 = EDGE_CURVE ( 'NONE', #1996, #353, #1991, .T. ) ;
#599 = VERTEX_POINT ( 'NONE', #151 ) ;
#600 = DIRECTION ( 'NONE',  ( -1.000000000000000000, 0.000000000000000000, 0.000000000000000000 ) ) ;
#601 = FACE_OUTER_BOUND ( 'NONE', #374, .T. ) ;
#602 = DIRECTION ( 'NONE',  ( 0.000000000000000000, 0.000000000000000000, 1.000000000000000000 ) ) ;
#603 = FACE_OUTER_BOUND ( 'NONE', #1697, .T. ) ;
#604 = ORIENTED_EDGE ( 'NONE', *, *, #669, .T. ) ;
#605 = CARTESIAN_POINT ( 'NONE',  ( 99.99999999999998579, -17.49999999999998934, 50.00000000000000000 ) ) ;
#606 = DIRECTION ( 'NONE',  ( -0.000000000000000000, -0.000000000000000000, 1.000000000000000000 ) ) ;
#607 = VECTOR ( 'NONE', #11, 1000.000000000000000 ) ;
#608 = EDGE_CURVE ( 'NONE', #2372, #206, #1980, .T. ) ;
#609 = EDGE_LOOP ( 'NONE', ( #829, #573, #134, #877 ) ) ;
#610 = CARTESIAN_POINT ( 'NONE',  ( -88.00672242675202028, -12.31249992160764606, -38.86393187794447357 ) ) ;
#611 = CIRCLE ( 'NONE', #1720, 2.000000000000001776 ) ;
#612 = EDGE_CURVE ( 'NONE', #237, #1062, #1760, .T. ) ;
#613 = ADVANCED_FACE ( 'NONE', ( #664 ), #1795, .F. ) ;
#614 = VERTEX_POINT ( 'NONE', #1618 ) ;
#615 = CARTESIAN_POINT ( 'NONE',  ( -100.0000000000000142, 12.50000000000001243, 40.00000000000000000 ) ) ;
#616 = EDGE_CURVE ( 'NONE', #2059, #1865, #494, .T. ) ;
#617 = CARTESIAN_POINT ( 'NONE',  ( 90.00000000000004263, -10.50000000000001776, 40.00000000000000000 ) ) ;
#618 = CARTESIAN_POINT ( 'NONE',  ( 50.00000000000000000, -1.387778780781445676E-14, 39.99999999999999289 ) ) ;
#619 = CIRCLE ( 'NONE', #810, 2.000000000000001776 ) ;
#620 = VERTEX_POINT ( 'NONE', #2177 ) ;
#621 = LINE ( 'NONE', #1372, #1149 ) ;
#622 = DIRECTION ( 'NONE',  ( 0.000000000000000000, 0.000000000000000000, 1.000000000000000000 ) ) ;
#623 = EDGE_CURVE ( 'NONE', #781, #1884, #529, .T. ) ;
#624 = EDGE_LOOP ( 'NONE', ( #921, #893 ) ) ;
#625 = LINE ( 'NONE', #2166, #305 ) ;
#626 = ORIENTED_EDGE ( 'NONE', *, *, #1462, .F. ) ;
#627 = LINE ( 'NONE', #2296, #2092 ) ;
#628 = CARTESIAN_POINT ( 'NONE',  ( 5.000000000000000000, 0.000000000000000000, 39.99999999999999289 ) ) ;
#629 = CARTESIAN_POINT ( 'NONE',  ( -100.0000000000000142, -17.50000000000001421, -50.00000000000000000 ) ) ;
#630 = EDGE_CURVE ( 'NONE', #709, #1079, #611, .T. ) ;
#631 = ORIENTED_EDGE ( 'NONE', *, *, #1919, .T. ) ;
#632 = CARTESIAN_POINT ( 'NONE',  ( 91.54365462822256916, -11.22558303961417536, -39.86515709413082220 ) ) ;
#633 = VECTOR ( 'NONE', #958, 1000.000000000000000 ) ;
#634 = DIRECTION ( 'NONE',  ( -1.000000000000000000, 0.000000000000000000, 0.000000000000000000 ) ) ;
#635 = ORIENTED_EDGE ( 'NONE', *, *, #13, .F. ) ;
#636 = CARTESIAN_POINT ( 'NONE',  ( -88.69233448898364713, -10.97697398896140086, -39.94655547315336719 ) ) ;
#637 = ORIENTED_EDGE ( 'NONE', *, *, #630, .T. ) ;
#638 = CARTESIAN_POINT ( 'NONE',  ( -92.00000000000002842, 12.50000000000001243, -38.00000000000001421 ) ) ;
#639 = DIRECTION ( 'NONE',  ( 1.000000000000000000, 1.387778780781445676E-16, -0.000000000000000000 ) ) ;
#640 = DIRECTION ( 'NONE',  ( 1.000000000000000000, 0.000000000000000000, 0.000000000000000000 ) ) ;
#641 = CARTESIAN_POINT ( 'NONE',  ( -100.0000000000000142, -12.50000000000001066, 40.00000000000000000 ) ) ;
#642 = DIRECTION ( 'NONE',  ( -1.214306433183764720E-16, 1.000000000000000000, -0.000000000000000000 ) ) ;
#643 = ORIENTED_EDGE ( 'NONE', *, *, #598, .T. ) ;
#644 = PLANE ( 'NONE',  #1953 ) ;
#645 = EDGE_LOOP ( 'NONE', ( #174, #1770, #905, #550, #1808 ) ) ;
#646 = DIRECTION ( 'NONE',  ( -0.000000000000000000, -0.000000000000000000, 1.000000000000000000 ) ) ;
#647 = CIRCLE ( 'NONE', #2262, 5.000000000000000000 ) ;
#648 = CARTESIAN_POINT ( 'NONE',  ( -100.0000000000000142, -10.50000000000001066, 38.00000000000000000 ) ) ;
#649 = DIRECTION ( 'NONE',  ( -0.000000000000000000, 0.000000000000000000, 1.000000000000000000 ) ) ;
#650 = AXIS2_PLACEMENT_3D ( 'NONE', #2127, #840, #1206 ) ;
#651 = LINE ( 'NONE', #479, #695 ) ;
#652 = CYLINDRICAL_SURFACE ( 'NONE', #68, 2.500000000000002220 ) ;
#653 = ORIENTED_EDGE ( 'NONE', *, *, #1875, .T. ) ;
#654 = CARTESIAN_POINT ( 'NONE',  ( -90.69643462682157065, -10.61681436787538324, 39.99712917811442026 ) ) ;
#655 = EDGE_CURVE ( 'NONE', #1750, #2257, #148, .T. ) ;
#656 = FACE_OUTER_BOUND ( 'NONE', #1667, .T. ) ;
#657 = ORIENTED_EDGE ( 'NONE', *, *, #763, .T. ) ;
#658 = CARTESIAN_POINT ( 'NONE',  ( 99.99999999999998579, -12.50000000000001066, 40.00000000000000000 ) ) ;
#659 = CARTESIAN_POINT ( 'NONE',  ( 88.83416079115461628, 10.86544418603132733, -39.96839150938713203 ) ) ;
#660 = LINE ( 'NONE', #1023, #1883 ) ;
#661 = DIRECTION ( 'NONE',  ( -0.000000000000000000, -0.000000000000000000, 1.000000000000000000 ) ) ;
#662 = LINE ( 'NONE', #861, #2284 ) ;
#663 = ORIENTED_EDGE ( 'NONE', *, *, #1798, .F. ) ;
#664 = FACE_OUTER_BOUND ( 'NONE', #596, .T. ) ;
#665 = AXIS2_PLACEMENT_3D ( 'NONE', #55, #606, #1557 ) ;
#666 = DIRECTION ( 'NONE',  ( 1.000000000000000000, 0.000000000000000000, 0.000000000000000000 ) ) ;
#667 = EDGE_LOOP ( 'NONE', ( #1273, #1762, #462, #2206 ) ) ;
#668 = EDGE_CURVE ( 'NONE', #1062, #120, #2071, .T. ) ;
#669 = EDGE_CURVE ( 'NONE', #1854, #614, #1955, .T. ) ;
#670 = DIRECTION ( 'NONE',  ( -0.000000000000000000, -0.000000000000000000, 1.000000000000000000 ) ) ;
#671 = VECTOR ( 'NONE', #1308, 1000.000000000000000 ) ;
#672 = DIRECTION ( 'NONE',  ( -0.000000000000000000, -0.000000000000000000, 1.000000000000000000 ) ) ;
#673 = VERTEX_POINT ( 'NONE', #2373 ) ;
#674 = CARTESIAN_POINT ( 'NONE',  ( -88.00671923009736020, -12.31302102281876287, 38.86253080022055428 ) ) ;
#675 = DIRECTION ( 'NONE',  ( -1.000000000000000000, 0.000000000000000000, -0.000000000000000000 ) ) ;
#676 =( NAMED_UNIT ( * ) SI_UNIT ( $, .STERADIAN. ) SOLID_ANGLE_UNIT ( ) );
#677 = VECTOR ( 'NONE', #1210, 1000.000000000000000 ) ;
#678 = VERTEX_POINT ( 'NONE', #200 ) ;
#679 = CARTESIAN_POINT ( 'NONE',  ( -91.16583920884546899, -10.86544418603135398, 39.96839150938712493 ) ) ;
#680 = AXIS2_PLACEMENT_3D ( 'NONE', #648, #1527, #1187 ) ;
#681 = DIRECTION ( 'NONE',  ( 1.000000000000000000, 0.000000000000000000, 0.000000000000000000 ) ) ;
#682 = ORIENTED_EDGE ( 'NONE', *, *, #1001, .T. ) ;
#683 = CARTESIAN_POINT ( 'NONE',  ( -90.00000000000002842, -17.50000000000003908, -35.00000000000000000 ) ) ;
#684 = ADVANCED_FACE ( 'NONE', ( #1312 ), #1822, .F. ) ;
#685 = AXIS2_PLACEMENT_3D ( 'NONE', #1367, #1569, #1171 ) ;
#686 = CARTESIAN_POINT ( 'NONE',  ( -90.00000000000001421, 10.49999999999999112, 40.00000000000000000 ) ) ;
#687 = ORIENTED_EDGE ( 'NONE', *, *, #690, .T. ) ;
#688 = CARTESIAN_POINT ( 'NONE',  ( 99.99999999999998579, 17.50000000000001066, 50.00000000000000000 ) ) ;
#689 = VECTOR ( 'NONE', #561, 1000.000000000000000 ) ;
#690 = EDGE_CURVE ( 'NONE', #2102, #489, #1832, .T. ) ;
#691 = DIRECTION ( 'NONE',  ( 1.000000000000000000, 1.214306433183764966E-16, 0.000000000000000000 ) ) ;
#692 = DIRECTION ( 'NONE',  ( -0.000000000000000000, -0.000000000000000000, 1.000000000000000000 ) ) ;
#693 = ORIENTED_EDGE ( 'NONE', *, *, #7, .F. ) ;
#694 = CARTESIAN_POINT ( 'NONE',  ( -91.30766551101640971, -10.97697398896139376, 39.94655547315338140 ) ) ;
#695 = VECTOR ( 'NONE', #1952, 1000.000000000000000 ) ;
#696 = AXIS2_PLACEMENT_3D ( 'NONE', #1879, #1856, #559 ) ;
#697 = DIRECTION ( 'NONE',  ( -0.000000000000000000, -0.000000000000000000, 1.000000000000000000 ) ) ;
#698 = EDGE_LOOP ( 'NONE', ( #693, #1020 ) ) ;
#699 = CARTESIAN_POINT ( 'NONE',  ( -92.00000000000002842, 12.49999999999998757, -50.00000000000000000 ) ) ;
#700 = CARTESIAN_POINT ( 'NONE',  ( 88.00672242675202028, 12.31249992160764606, -38.86393187794448068 ) ) ;
#701 = ORIENTED_EDGE ( 'NONE', *, *, #344, .T. ) ;
#702 = CARTESIAN_POINT ( 'NONE',  ( 88.00000000000002842, 12.50000000000001243, -38.00000000000001421 ) ) ;
#703 = EDGE_CURVE ( 'NONE', #272, #1710, #1530, .T. ) ;
#704 = EDGE_CURVE ( 'NONE', #563, #1702, #1490, .T. ) ;
#705 = DIRECTION ( 'NONE',  ( -0.000000000000000000, 1.000000000000000000, -0.000000000000000000 ) ) ;
#706 = ORIENTED_EDGE ( 'NONE', *, *, #112, .F. ) ;
#707 = DIRECTION ( 'NONE',  ( 1.000000000000000000, 0.000000000000000000, 0.000000000000000000 ) ) ;
#708 = CARTESIAN_POINT ( 'NONE',  ( -91.86510415178277356, -11.77426482610599301, -39.54378927764760476 ) ) ;
#709 = VERTEX_POINT ( 'NONE', #1468 ) ;
#710 = CYLINDRICAL_SURFACE ( 'NONE', #1913, 2.000000000000001776 ) ;
#711 = AXIS2_PLACEMENT_3D ( 'NONE', #595, #1340, #1896 ) ;
#712 = FACE_OUTER_BOUND ( 'NONE', #547, .T. ) ;
#713 = ORIENTED_EDGE ( 'NONE', *, *, #172, .T. ) ;
#714 = CARTESIAN_POINT ( 'NONE',  ( -88.83416079115458786, 10.86544418603134687, 39.96839150938713203 ) ) ;
#715 = CARTESIAN_POINT ( 'NONE',  ( 90.17903312807636951, -10.50000000000001776, 40.00000000000000000 ) ) ;
#716 = EDGE_CURVE ( 'NONE', #2002, #1133, #175, .T. ) ;
#717 = EDGE_LOOP ( 'NONE', ( #1492, #580, #1721, #2364 ) ) ;
#718 = DIRECTION ( 'NONE',  ( -0.000000000000000000, -0.000000000000000000, 1.000000000000000000 ) ) ;
#719 = DIRECTION ( 'NONE',  ( 1.000000000000000000, 0.000000000000000000, 0.000000000000000000 ) ) ;
#720 = ORIENTED_EDGE ( 'NONE', *, *, #1852, .T. ) ;
#721 = DIRECTION ( 'NONE',  ( -1.000000000000000000, -1.214306433183764966E-16, 0.000000000000000000 ) ) ;
#722 = DIRECTION ( 'NONE',  ( -1.000000000000000000, 0.000000000000000000, 0.000000000000000000 ) ) ;
#723 = EDGE_LOOP ( 'NONE', ( #439, #58, #2254, #734 ) ) ;
#724 = CARTESIAN_POINT ( 'NONE',  ( -100.0000000000000142, -12.50000000000001066, 35.00000000000001421 ) ) ;
#725 = ADVANCED_FACE ( 'NONE', ( #768 ), #730, .F. ) ;
#726 = AXIS2_PLACEMENT_3D ( 'NONE', #73, #453, #1174 ) ;
#727 = LINE ( 'NONE', #2197, #1362 ) ;
#728 = VECTOR ( 'NONE', #94, 1000.000000000000000 ) ;
#729 = ORIENTED_EDGE ( 'NONE', *, *, #1570, .T. ) ;
#730 = CYLINDRICAL_SURFACE ( 'NONE', #1337, 2.500000000000002220 ) ;
#731 = CARTESIAN_POINT ( 'NONE',  ( 99.99999999999998579, -17.49999999999998934, 50.00000000000000000 ) ) ;
#732 = UNCERTAINTY_MEASURE_WITH_UNIT (LENGTH_MEASURE( 1.000000000000000082E-05 ), #2068, 'distance_accuracy_value', 'NONE');
#733 = VECTOR ( 'NONE', #1237, 1000.000000000000000 ) ;
#734 = ORIENTED_EDGE ( 'NONE', *, *, #868, .F. ) ;
#735 = CARTESIAN_POINT ( 'NONE',  ( 0.000000000000000000, 0.000000000000000000, 50.00000000000000000 ) ) ;
#736 = AXIS2_PLACEMENT_3D ( 'NONE', #1636, #740, #1453 ) ;
#737 = EDGE_CURVE ( 'NONE', #1087, #333, #31, .T. ) ;
#738 = DIRECTION ( 'NONE',  ( 1.000000000000000000, 0.000000000000000000, 0.000000000000000000 ) ) ;
#739 = EDGE_LOOP ( 'NONE', ( #511, #1845, #657, #956, #434, #2213 ) ) ;
#740 = DIRECTION ( 'NONE',  ( -0.000000000000000000, -0.000000000000000000, 1.000000000000000000 ) ) ;
#741 = CARTESIAN_POINT ( 'NONE',  ( 91.77275261349586799, -11.57068082362255090, 39.69113722039456604 ) ) ;
#742 = EDGE_CURVE ( 'NONE', #2095, #1865, #274, .T. ) ;
#743 = ORIENTED_EDGE ( 'NONE', *, *, #570, .F. ) ;
#744 = CARTESIAN_POINT ( 'NONE',  ( 99.99999999999998579, -10.50000000000001066, -40.00000000000000711 ) ) ;
#745 = CYLINDRICAL_SURFACE ( 'NONE', #1977, 2.000000000000001776 ) ;
#746 = ORIENTED_EDGE ( 'NONE', *, *, #1240, .T. ) ;
#747 = FACE_BOUND ( 'NONE', #1860, .T. ) ;
#748 = AXIS2_PLACEMENT_3D ( 'NONE', #615, #1540, #2261 ) ;
#749 = CARTESIAN_POINT ( 'NONE',  ( -50.00000000000000000, -1.387778780781445676E-14, -50.00000000000000000 ) ) ;
#750 = ORIENTED_EDGE ( 'NONE', *, *, #1816, .F. ) ;
#751 = CIRCLE ( 'NONE', #711, 2.000000000000001776 ) ;
#752 = LINE ( 'NONE', #1109, #2157 ) ;
#753 = CIRCLE ( 'NONE', #1060, 5.000000000000000000 ) ;
#754 = CARTESIAN_POINT ( 'NONE',  ( -89.64557156381542313, 10.52361610213453780, -40.00041008545318277 ) ) ;
#755 = ORIENTED_EDGE ( 'NONE', *, *, #26, .F. ) ;
#756 = CARTESIAN_POINT ( 'NONE',  ( 88.18960311467762381, -11.63527336335203266, 39.65419608354520165 ) ) ;
#757 = DIRECTION ( 'NONE',  ( 1.000000000000000000, 0.000000000000000000, 0.000000000000000000 ) ) ;
#758 = ORIENTED_EDGE ( 'NONE', *, *, #1944, .F. ) ;
#759 = DIRECTION ( 'NONE',  ( -0.000000000000000000, -0.000000000000000000, 1.000000000000000000 ) ) ;
#760 = AXIS2_PLACEMENT_3D ( 'NONE', #2180, #857, #1022 ) ;
#761 = CARTESIAN_POINT ( 'NONE',  ( 89.64557156381546577, -10.52361610213456622, -40.00041008545316856 ) ) ;
#762 = ORIENTED_EDGE ( 'NONE', *, *, #2217, .T. ) ;
#763 = EDGE_CURVE ( 'NONE', #1133, #120, #2049, .T. ) ;
#764 = CARTESIAN_POINT ( 'NONE',  ( 90.86347519087080116, -10.68729660878321930, 39.99329095712795379 ) ) ;
#765 = CARTESIAN_POINT ( 'NONE',  ( -100.0000000000000142, -10.50000000000001066, 38.00000000000000000 ) ) ;
#766 = AXIS2_PLACEMENT_3D ( 'NONE', #554, #1270, #935 ) ;
#767 = EDGE_LOOP ( 'NONE', ( #1590, #972 ) ) ;
#768 = FACE_OUTER_BOUND ( 'NONE', #2318, .T. ) ;
#769 = DIRECTION ( 'NONE',  ( -0.000000000000000000, -0.000000000000000000, 1.000000000000000000 ) ) ;
#770 = ORIENTED_EDGE ( 'NONE', *, *, #1682, .T. ) ;
#771 = DIRECTION ( 'NONE',  ( 0.000000000000000000, 0.000000000000000000, 1.000000000000000000 ) ) ;
#772 = CARTESIAN_POINT ( 'NONE',  ( 88.11141442086918119, -11.83864844105090874, -39.48842545739045562 ) ) ;
#773 = ORIENTED_EDGE ( 'NONE', *, *, #400, .T. ) ;
#774 = VECTOR ( 'NONE', #2323, 1000.000000000000000 ) ;
#775 = DIRECTION ( 'NONE',  ( -1.000000000000000000, 0.000000000000000000, 0.000000000000000000 ) ) ;
#776 = LINE ( 'NONE', #1503, #2343 ) ;
#777 = EDGE_CURVE ( 'NONE', #778, #450, #1018, .T. ) ;
#778 = VERTEX_POINT ( 'NONE', #1178 ) ;
#779 = CARTESIAN_POINT ( 'NONE',  ( 91.16583920884546899, -10.86544418603135576, -39.96839150938713203 ) ) ;
#780 = CARTESIAN_POINT ( 'NONE',  ( -88.00000000000002842, -12.50000000000001066, -38.00000000000001421 ) ) ;
#781 = VERTEX_POINT ( 'NONE', #91 ) ;
#782 = DIRECTION ( 'NONE',  ( 0.000000000000000000, 0.000000000000000000, 1.000000000000000000 ) ) ;
#783 = VERTEX_POINT ( 'NONE', #2279 ) ;
#784 = CARTESIAN_POINT ( 'NONE',  ( -50.00000000000000000, -1.387778780781445676E-14, -50.00000000000000000 ) ) ;
#785 = CARTESIAN_POINT ( 'NONE',  ( -90.00000000000002842, -14.50000000000001066, 35.00000000000001421 ) ) ;
#786 = AXIS2_PLACEMENT_3D ( 'NONE', #1445, #1458, #719 ) ;
#787 = CARTESIAN_POINT ( 'NONE',  ( 47.50000000000000000, -1.357162610802761731E-14, -40.00000000000000711 ) ) ;
#788 = ORIENTED_EDGE ( 'NONE', *, *, #1386, .F. ) ;
#789 = CARTESIAN_POINT ( 'NONE',  ( 91.94621002585959957, 12.02117242680753506, 39.31004624058196129 ) ) ;
#790 = CARTESIAN_POINT ( 'NONE',  ( -50.00000000000000000, -1.387778780781445676E-14, 50.00000000000000000 ) ) ;
#791 = ORIENTED_EDGE ( 'NONE', *, *, #1924, .T. ) ;
#792 = DIRECTION ( 'NONE',  ( -0.000000000000000000, -0.000000000000000000, 1.000000000000000000 ) ) ;
#793 = EDGE_CURVE ( 'NONE', #2102, #1496, #480, .T. ) ;
#794 = ORIENTED_EDGE ( 'NONE', *, *, #953, .F. ) ;
#795 = CARTESIAN_POINT ( 'NONE',  ( -100.0000000000000142, 10.50000000000001243, 38.00000000000000000 ) ) ;
#796 = DIRECTION ( 'NONE',  ( 0.000000000000000000, -0.000000000000000000, -1.000000000000000000 ) ) ;
#797 = CARTESIAN_POINT ( 'NONE',  ( 89.64557156381542313, 10.52361610213453780, 40.00041008545316856 ) ) ;
#798 = VERTEX_POINT ( 'NONE', #605 ) ;
#799 = CARTESIAN_POINT ( 'NONE',  ( 91.54365462822256916, 11.22558303961415582, 39.86515709413080799 ) ) ;
#800 = DIRECTION ( 'NONE',  ( -1.214306433183764720E-16, 1.000000000000000000, -0.000000000000000000 ) ) ;
#801 = ORIENTED_EDGE ( 'NONE', *, *, #1731, .T. ) ;
#802 = LINE ( 'NONE', #273, #1450 ) ;
#803 = VECTOR ( 'NONE', #863, 1000.000000000000000 ) ;
#804 = VERTEX_POINT ( 'NONE', #992 ) ;
#805 = EDGE_CURVE ( 'NONE', #1087, #1279, #2089, .T. ) ;
#806 = CYLINDRICAL_SURFACE ( 'NONE', #1510, 2.000000000000001776 ) ;
#807 = CARTESIAN_POINT ( 'NONE',  ( 90.00000000000001421, 17.50000000000001066, -35.00000000000000000 ) ) ;
#808 = VECTOR ( 'NONE', #382, 1000.000000000000000 ) ;
#809 = CARTESIAN_POINT ( 'NONE',  ( -90.00000000000001421, 10.49999999999999112, 40.00000000000000000 ) ) ;
#810 = AXIS2_PLACEMENT_3D ( 'NONE', #484, #2317, #666 ) ;
#811 = ORIENTED_EDGE ( 'NONE', *, *, #149, .T. ) ;
#812 = CARTESIAN_POINT ( 'NONE',  ( 91.64475618061503326, 11.35904193482814151, 39.80757536146321485 ) ) ;
#813 = CARTESIAN_POINT ( 'NONE',  ( -50.00000000000000000, -1.387778780781445676E-14, -40.00000000000000711 ) ) ;
#814 = EDGE_LOOP ( 'NONE', ( #2332, #1857, #910, #2240 ) ) ;
#815 = CARTESIAN_POINT ( 'NONE',  ( -89.64556795861125238, -10.52369353527505247, -40.00040225129954052 ) ) ;
#816 = ORIENTED_EDGE ( 'NONE', *, *, #414, .F. ) ;
#817 = CARTESIAN_POINT ( 'NONE',  ( -92.00041300743924921, 12.47632755229010115, -38.35490341791752655 ) ) ;
#818 = EDGE_CURVE ( 'NONE', #1219, #341, #435, .T. ) ;
#819 = EDGE_CURVE ( 'NONE', #1384, #202, #1609, .T. ) ;
#820 = FACE_OUTER_BOUND ( 'NONE', #1448, .T. ) ;
#821 = DIRECTION ( 'NONE',  ( -0.000000000000000000, -0.000000000000000000, -1.000000000000000000 ) ) ;
#822 = ADVANCED_FACE ( 'NONE', ( #66 ), #269, .F. ) ;
#823 = CARTESIAN_POINT ( 'NONE',  ( 91.99327757324802235, 12.31249992160764961, 38.86393187794445936 ) ) ;
#824 = DIRECTION ( 'NONE',  ( -1.000000000000000000, -0.000000000000000000, -0.000000000000000000 ) ) ;
#825 = ORIENTED_EDGE ( 'NONE', *, *, #1431, .F. ) ;
#826 = DIRECTION ( 'NONE',  ( -1.000000000000000000, 0.000000000000000000, 0.000000000000000000 ) ) ;
#827 = EDGE_CURVE ( 'NONE', #1016, #520, #1505, .T. ) ;
#828 = AXIS2_PLACEMENT_3D ( 'NONE', #581, #2184, #538 ) ;
#829 = ORIENTED_EDGE ( 'NONE', *, *, #1374, .T. ) ;
#830 = DIRECTION ( 'NONE',  ( 0.000000000000000000, 0.000000000000000000, 1.000000000000000000 ) ) ;
#831 = CARTESIAN_POINT ( 'NONE',  ( -52.50000000000000711, -1.357162610802761731E-14, 39.99999999999999289 ) ) ;
#832 = DIRECTION ( 'NONE',  ( 1.000000000000000000, 0.000000000000000000, 0.000000000000000000 ) ) ;
#833 = CARTESIAN_POINT ( 'NONE',  ( -100.0000000000000142, 17.49999999999998934, 50.00000000000000000 ) ) ;
#834 = AXIS2_PLACEMENT_3D ( 'NONE', #1757, #2164, #1191 ) ;
#835 = EDGE_CURVE ( 'NONE', #42, #353, #621, .T. ) ;
#836 = DIRECTION ( 'NONE',  ( -1.000000000000000000, 0.000000000000000000, 0.000000000000000000 ) ) ;
#837 = DIRECTION ( 'NONE',  ( -1.000000000000000000, 0.000000000000000000, -0.000000000000000000 ) ) ;
#838 = ORIENTED_EDGE ( 'NONE', *, *, #2233, .F. ) ;
#839 = CARTESIAN_POINT ( 'NONE',  ( -88.13245587489922173, -11.77247800692557078, -39.55273514368460042 ) ) ;
#840 = DIRECTION ( 'NONE',  ( 0.000000000000000000, 0.000000000000000000, 1.000000000000000000 ) ) ;
#841 = ORIENTED_EDGE ( 'NONE', *, *, #895, .F. ) ;
#842 = CARTESIAN_POINT ( 'NONE',  ( 99.99999999999998579, 10.50000000000001243, -38.00000000000001421 ) ) ;
#843 = AXIS2_PLACEMENT_3D ( 'NONE', #984, #438, #2106 ) ;
#844 = CARTESIAN_POINT ( 'NONE',  ( -90.35442843618461950, 10.52361610213453780, 40.00041008545316146 ) ) ;
#845 = CARTESIAN_POINT ( 'NONE',  ( -87.99959550621549909, -12.47636363448657093, 38.35423490242200728 ) ) ;
#846 = CIRCLE ( 'NONE', #650, 2.500000000000002220 ) ;
#847 = CARTESIAN_POINT ( 'NONE',  ( 0.000000000000000000, 0.000000000000000000, -40.00000000000000711 ) ) ;
#848 = DIRECTION ( 'NONE',  ( -0.000000000000000000, -0.000000000000000000, 1.000000000000000000 ) ) ;
#849 = ADVANCED_FACE ( 'NONE', ( #2244, #446 ), #1168, .F. ) ;
#850 = ADVANCED_FACE ( 'NONE', ( #257 ), #125, .F. ) ;
#851 = ORIENTED_EDGE ( 'NONE', *, *, #1891, .F. ) ;
#852 = CARTESIAN_POINT ( 'NONE',  ( -90.00000000000002842, -10.50000000000001776, 40.00000000000000000 ) ) ;
#853 = VECTOR ( 'NONE', #2252, 1000.000000000000000 ) ;
#854 = CARTESIAN_POINT ( 'NONE',  ( 99.99999999999998579, 10.50000000000001243, 38.00000000000000000 ) ) ;
#855 = ORIENTED_EDGE ( 'NONE', *, *, #171, .F. ) ;
#856 = FACE_OUTER_BOUND ( 'NONE', #723, .T. ) ;
#857 = DIRECTION ( 'NONE',  ( -0.000000000000000000, -0.000000000000000000, 1.000000000000000000 ) ) ;
#858 = ORIENTED_EDGE ( 'NONE', *, *, #400, .F. ) ;
#859 = DIRECTION ( 'NONE',  ( 0.000000000000000000, -1.000000000000000000, 0.000000000000000000 ) ) ;
#860 = DIRECTION ( 'NONE',  ( -1.000000000000000000, 0.000000000000000000, 0.000000000000000000 ) ) ;
#861 = CARTESIAN_POINT ( 'NONE',  ( 92.00000000000002842, 12.49999999999998757, -50.00000000000000000 ) ) ;
#862 = EDGE_LOOP ( 'NONE', ( #1404, #1773 ) ) ;
#863 = DIRECTION ( 'NONE',  ( 0.000000000000000000, 0.000000000000000000, -1.000000000000000000 ) ) ;
#864 = EDGE_CURVE ( 'NONE', #620, #1821, #1755, .T. ) ;
#865 = FACE_OUTER_BOUND ( 'NONE', #2038, .T. ) ;
#866 = ORIENTED_EDGE ( 'NONE', *, *, #585, .F. ) ;
#867 = FACE_OUTER_BOUND ( 'NONE', #1947, .T. ) ;
#868 = EDGE_CURVE ( 'NONE', #1702, #563, #81, .T. ) ;
#869 = ADVANCED_FACE ( 'NONE', ( #884, #2163 ), #1064, .F. ) ;
#870 = CARTESIAN_POINT ( 'NONE',  ( -92.00040449378455776, 12.47636363448657448, 38.35423490242200728 ) ) ;
#871 = ORIENTED_EDGE ( 'NONE', *, *, #1286, .F. ) ;
#872 = DIRECTION ( 'NONE',  ( 1.000000000000000000, 0.000000000000000000, 0.000000000000000000 ) ) ;
#873 = CARTESIAN_POINT ( 'NONE',  ( 90.00000000000002842, 12.49999999999998757, -50.00000000000000000 ) ) ;
#874 = EDGE_LOOP ( 'NONE', ( #2210, #1782, #1276, #2145 ) ) ;
#875 = CARTESIAN_POINT ( 'NONE',  ( -91.99327757324802235, -12.31249992160764961, 38.86393187794444515 ) ) ;
#876 = DIRECTION ( 'NONE',  ( -0.000000000000000000, -0.000000000000000000, 1.000000000000000000 ) ) ;
#877 = ORIENTED_EDGE ( 'NONE', *, *, #1733, .T. ) ;
#878 = PLANE ( 'NONE',  #111 ) ;
#879 = CIRCLE ( 'NONE', #685, 5.000000000000000000 ) ;
#880 = CARTESIAN_POINT ( 'NONE',  ( -91.99328076990272507, 12.31302102281876465, 38.86253080022056139 ) ) ;
#881 = ORIENTED_EDGE ( 'NONE', *, *, #527, .F. ) ;
#882 = CYLINDRICAL_SURFACE ( 'NONE', #1961, 2.000000000000001776 ) ;
#883 = VECTOR ( 'NONE', #1028, 1000.000000000000000 ) ;
#884 = FACE_BOUND ( 'NONE', #1598, .T. ) ;
#885 = ORIENTED_EDGE ( 'NONE', *, *, #2065, .F. ) ;
#886 = DIRECTION ( 'NONE',  ( -1.000000000000000000, 0.000000000000000000, 0.000000000000000000 ) ) ;
#887 = AXIS2_PLACEMENT_3D ( 'NONE', #336, #2134, #860 ) ;
#888 = CYLINDRICAL_SURFACE ( 'NONE', #1728, 2.000000000000001776 ) ;
#889 = ORIENTED_EDGE ( 'NONE', *, *, #897, .F. ) ;
#890 = CARTESIAN_POINT ( 'NONE',  ( 47.50000000000000000, -1.357162610802761731E-14, -50.00000000000000000 ) ) ;
#891 = EDGE_CURVE ( 'NONE', #781, #2082, #1966, .T. ) ;
#892 = DIRECTION ( 'NONE',  ( 1.000000000000000000, 1.156482317317871232E-16, 0.000000000000000000 ) ) ;
#893 = ORIENTED_EDGE ( 'NONE', *, *, #432, .T. ) ;
#894 = CARTESIAN_POINT ( 'NONE',  ( -89.30356537317844356, 10.61681436787536015, 39.99712917811440605 ) ) ;
#895 = EDGE_CURVE ( 'NONE', #150, #1496, #1780, .T. ) ;
#896 = CARTESIAN_POINT ( 'NONE',  ( 92.00040449378454355, -12.47636363448656738, 38.35423490242200728 ) ) ;
#897 = EDGE_CURVE ( 'NONE', #2013, #950, #2148, .T. ) ;
#898 = EDGE_LOOP ( 'NONE', ( #931, #2067, #2033, #297 ) ) ;
#899 = CARTESIAN_POINT ( 'NONE',  ( 52.50000000000000711, -1.387778780781445676E-14, -40.00000000000000711 ) ) ;
#900 = LINE ( 'NONE', #731, #483 ) ;
#901 = ORIENTED_EDGE ( 'NONE', *, *, #608, .T. ) ;
#902 = DIRECTION ( 'NONE',  ( 1.000000000000000000, 0.000000000000000000, 0.000000000000000000 ) ) ;
#903 = CIRCLE ( 'NONE', #1513, 2.000000000000001776 ) ;
#904 = CARTESIAN_POINT ( 'NONE',  ( -90.00000000000001421, -10.50000000000001776, -40.00000000000000711 ) ) ;
#905 = ORIENTED_EDGE ( 'NONE', *, *, #895, .T. ) ;
#906 = CARTESIAN_POINT ( 'NONE',  ( -89.64557156381542313, -10.52361610213456267, 40.00041008545316146 ) ) ;
#907 = CARTESIAN_POINT ( 'NONE',  ( -92.00000000000002842, 12.50000000000001243, -50.00000000000000000 ) ) ;
#908 = EDGE_CURVE ( 'NONE', #2257, #206, #2174, .T. ) ;
#909 = EDGE_CURVE ( 'NONE', #168, #1257, #468, .T. ) ;
#910 = ORIENTED_EDGE ( 'NONE', *, *, #1011, .T. ) ;
#911 = CARTESIAN_POINT ( 'NONE',  ( 88.13245587489920752, -11.77247800692556012, 39.55273514368459331 ) ) ;
#912 = CARTESIAN_POINT ( 'NONE',  ( -92.00000000000002842, -12.50000000000001421, -50.00000000000000000 ) ) ;
#913 = ORIENTED_EDGE ( 'NONE', *, *, #426, .F. ) ;
#914 = CARTESIAN_POINT ( 'NONE',  ( 90.00000000000001421, -17.50000000000001776, -35.00000000000000000 ) ) ;
#915 = CARTESIAN_POINT ( 'NONE',  ( 88.00000000000002842, -12.50000000000001066, -38.00000000000001421 ) ) ;
#916 = CARTESIAN_POINT ( 'NONE',  ( -91.81039688532240461, 11.63527336335203444, -39.65419608354518743 ) ) ;
#917 = CARTESIAN_POINT ( 'NONE',  ( -88.30915104459649001, 11.42885478592337556, 39.77300066546954582 ) ) ;
#918 = VECTOR ( 'NONE', #721, 1000.000000000000000 ) ;
#919 = CARTESIAN_POINT ( 'NONE',  ( 91.99712623411416246, -12.38310850526603346, 38.69670505898091051 ) ) ;
#920 = AXIS2_PLACEMENT_3D ( 'NONE', #1675, #1113, #2039 ) ;
#921 = ORIENTED_EDGE ( 'NONE', *, *, #1891, .T. ) ;
#922 = CARTESIAN_POINT ( 'NONE',  ( 91.30766551101642392, 10.97697398896137777, 39.94655547315338140 ) ) ;
#923 = CARTESIAN_POINT ( 'NONE',  ( 88.00000000000002842, 12.50000000000001243, -35.00000000000000000 ) ) ;
#924 = EDGE_CURVE ( 'NONE', #202, #1384, #1726, .T. ) ;
#925 = VERTEX_POINT ( 'NONE', #501 ) ;
#926 = CARTESIAN_POINT ( 'NONE',  ( 50.00000000000000000, -1.387778780781445676E-14, -50.00000000000000000 ) ) ;
#927 = FACE_OUTER_BOUND ( 'NONE', #2321, .T. ) ;
#928 = CARTESIAN_POINT ( 'NONE',  ( -91.99327757324802235, 12.31249992160764961, -38.86393187794447357 ) ) ;
#929 = CARTESIAN_POINT ( 'NONE',  ( -100.0000000000000142, -12.50000000000001066, 38.00000000000000000 ) ) ;
#930 = CARTESIAN_POINT ( 'NONE',  ( -88.00287376588586596, 12.38310850526603346, -38.69670505898094603 ) ) ;
#931 = ORIENTED_EDGE ( 'NONE', *, *, #951, .T. ) ;
#932 = CARTESIAN_POINT ( 'NONE',  ( 88.35524381938505201, -11.35904193482815216, 39.80757536146322906 ) ) ;
#933 = DIRECTION ( 'NONE',  ( -0.000000000000000000, -0.000000000000000000, 1.000000000000000000 ) ) ;
#934 = EDGE_LOOP ( 'NONE', ( #1737, #1181 ) ) ;
#935 = DIRECTION ( 'NONE',  ( 1.000000000000000000, 0.000000000000000000, 0.000000000000000000 ) ) ;
#936 = EDGE_CURVE ( 'NONE', #1170, #1972, #4, .T. ) ;
#937 = CARTESIAN_POINT ( 'NONE',  ( 92.00000000000002842, 12.50000000000001243, -38.00000000000001421 ) ) ;
#938 = EDGE_CURVE ( 'NONE', #489, #1850, #1616, .T. ) ;
#939 = ORIENTED_EDGE ( 'NONE', *, *, #1787, .T. ) ;
#940 = VECTOR ( 'NONE', #1655, 1000.000000000000000 ) ;
#941 = CARTESIAN_POINT ( 'NONE',  ( 88.00000000000002842, -12.50000000000001421, -35.00000000000000000 ) ) ;
#942 = CARTESIAN_POINT ( 'NONE',  ( -5.000000000000000000, 6.123233995736766282E-16, -50.00000000000000000 ) ) ;
#943 = ORIENTED_EDGE ( 'NONE', *, *, #1239, .T. ) ;
#944 = CARTESIAN_POINT ( 'NONE',  ( 90.00000000000001421, -17.50000000000001776, -35.00000000000000000 ) ) ;
#945 = FACE_OUTER_BOUND ( 'NONE', #1739, .T. ) ;
#946 = ORIENTED_EDGE ( 'NONE', *, *, #1155, .T. ) ;
#947 = CARTESIAN_POINT ( 'NONE',  ( -90.00000000000002842, 12.49999999999998757, 35.00000000000001421 ) ) ;
#948 = B_SPLINE_CURVE_WITH_KNOTS ( 'NONE', 3,
 ( #415, #1139, #1282, #425, #1874, #228, #1648, #1332, #2069, #1152, #1889, #916, #380, #1107, #1839, #928, #1209, #817, #97, #638 ),
 .UNSPECIFIED., .F., .F.,
 ( 4, 2, 2, 2, 2, 2, 2, 2, 2, 4 ),
 ( 0.004238689945022205800, 0.004767910255252777452, 0.005297130565483348236, 0.005826350875713919020, 0.006090961030829204412, 0.006355571185944490671, 0.006884791496175043241, 0.007414011806405596677, 0.007943232116636148379, 0.008472452426866701816 ),
 .UNSPECIFIED. ) ;
#949 = CARTESIAN_POINT ( 'NONE',  ( 91.55226900220510799, 11.22697590525741518, -39.86774508395605210 ) ) ;
#950 = VERTEX_POINT ( 'NONE', #1430 ) ;
#951 = EDGE_CURVE ( 'NONE', #1027, #30, #2300, .T. ) ;
#952 = CARTESIAN_POINT ( 'NONE',  ( 87.99959550621548487, 12.47636363448657271, 38.35423490242200728 ) ) ;
#953 = EDGE_CURVE ( 'NONE', #2042, #493, #1419, .T. ) ;
#954 = CARTESIAN_POINT ( 'NONE',  ( 92.00000000000002842, 12.50000000000001243, -50.00000000000000000 ) ) ;
#955 = AXIS2_PLACEMENT_3D ( 'NONE', #509, #1436, #1071 ) ;
#956 = ORIENTED_EDGE ( 'NONE', *, *, #668, .F. ) ;
#957 = CARTESIAN_POINT ( 'NONE',  ( 91.48832952281105690, -11.16124141038070050, -39.88862526623203308 ) ) ;
#958 = DIRECTION ( 'NONE',  ( -0.000000000000000000, -0.000000000000000000, 1.000000000000000000 ) ) ;
#959 = EDGE_LOOP ( 'NONE', ( #913, #1538, #1785, #1255 ) ) ;
#960 = CARTESIAN_POINT ( 'NONE',  ( -92.00000000000002842, -12.50000000000001421, 50.00000000000000000 ) ) ;
#961 = VECTOR ( 'NONE', #2138, 1000.000000000000000 ) ;
#962 = VERTEX_POINT ( 'NONE', #1382 ) ;
#963 = CYLINDRICAL_SURFACE ( 'NONE', #255, 2.000000000000001776 ) ;
#964 = ADVANCED_FACE ( 'NONE', ( #1744 ), #1214, .F. ) ;
#965 = EDGE_CURVE ( 'NONE', #2002, #1558, #651, .T. ) ;
#966 = CARTESIAN_POINT ( 'NONE',  ( 88.34593873259866825, 11.36455948432381646, 39.81045491387474300 ) ) ;
#967 = AXIS2_PLACEMENT_3D ( 'NONE', #2265, #1705, #2241 ) ;
#968 = CARTESIAN_POINT ( 'NONE',  ( -89.30195941533449400, 10.61732844864593517, -39.99710597250150101 ) ) ;
#969 = ORIENTED_EDGE ( 'NONE', *, *, #908, .F. ) ;
#970 = CARTESIAN_POINT ( 'NONE',  ( 92.00000000000002842, -12.50000000000001066, -38.17925096310133171 ) ) ;
#971 = CARTESIAN_POINT ( 'NONE',  ( 99.99999999999998579, -10.50000000000001066, -38.00000000000000711 ) ) ;
#972 = ORIENTED_EDGE ( 'NONE', *, *, #478, .T. ) ;
#973 = DIRECTION ( 'NONE',  ( 0.000000000000000000, 0.000000000000000000, 1.000000000000000000 ) ) ;
#974 = EDGE_LOOP ( 'NONE', ( #1660, #397, #713, #1246 ) ) ;
#975 = CARTESIAN_POINT ( 'NONE',  ( -90.00000000000002842, 14.49999999999998401, -50.00000000000000000 ) ) ;
#976 = DIRECTION ( 'NONE',  ( -0.000000000000000000, -0.000000000000000000, 1.000000000000000000 ) ) ;
#977 = CARTESIAN_POINT ( 'NONE',  ( 89.30195941533449400, 10.61732844864593517, 39.99710597250148680 ) ) ;
#978 = CARTESIAN_POINT ( 'NONE',  ( -87.99959550621549909, 12.47636363448657271, -38.35423490242202149 ) ) ;
#979 = ORIENTED_EDGE ( 'NONE', *, *, #1240, .F. ) ;
#980 = DIRECTION ( 'NONE',  ( 0.000000000000000000, 0.000000000000000000, 1.000000000000000000 ) ) ;
#981 = CARTESIAN_POINT ( 'NONE',  ( -47.50000000000000000, -1.387778780781445676E-14, -50.00000000000000000 ) ) ;
#982 = ADVANCED_FACE ( 'NONE', ( #1201 ), #1937, .F. ) ;
#983 = ORIENTED_EDGE ( 'NONE', *, *, #1582, .F. ) ;
#984 = CARTESIAN_POINT ( 'NONE',  ( 0.000000000000000000, 0.000000000000000000, -50.00000000000000000 ) ) ;
#985 = ORIENTED_EDGE ( 'NONE', *, *, #897, .T. ) ;
#986 = PRODUCT_CONTEXT ( 'NONE', #1207, 'mechanical' ) ;
#987 = CARTESIAN_POINT ( 'NONE',  ( 5.000000000000000000, 0.000000000000000000, -50.00000000000000000 ) ) ;
#988 = VECTOR ( 'NONE', #1542, 1000.000000000000000 ) ;
#989 = CARTESIAN_POINT ( 'NONE',  ( -90.00000000000002842, -14.50000000000001066, -35.00000000000000000 ) ) ;
#990 = CARTESIAN_POINT ( 'NONE',  ( 99.99999999999998579, 12.50000000000001243, -38.00000000000001421 ) ) ;
#991 = EDGE_LOOP ( 'NONE', ( #825, #287, #1307, #2327, #69 ) ) ;
#992 = CARTESIAN_POINT ( 'NONE',  ( -5.000000000000000000, 6.123233995736766282E-16, 39.99999999999999289 ) ) ;
#993 = DIRECTION ( 'NONE',  ( -1.000000000000000000, 0.000000000000000000, 0.000000000000000000 ) ) ;
#994 = VECTOR ( 'NONE', #1059, 1000.000000000000000 ) ;
#995 = ORIENTED_EDGE ( 'NONE', *, *, #2260, .F. ) ;
#996 = FACE_OUTER_BOUND ( 'NONE', #898, .T. ) ;
#997 = EDGE_CURVE ( 'NONE', #1223, #2222, #1188, .T. ) ;
#998 = VECTOR ( 'NONE', #1809, 1000.000000000000000 ) ;
#999 = ORIENTED_EDGE ( 'NONE', *, *, #232, .F. ) ;
#1000 = CARTESIAN_POINT ( 'NONE',  ( -90.00000000000002842, 14.49999999999998401, -35.00000000000000000 ) ) ;
#1001 = EDGE_CURVE ( 'NONE', #673, #2059, #1829, .T. ) ;
#1002 = PLANE ( 'NONE',  #1254 ) ;
#1003 = CARTESIAN_POINT ( 'NONE',  ( 89.82096687192367312, 10.49999999999999112, 40.00000000000000000 ) ) ;
#1004 = AXIS2_PLACEMENT_3D ( 'NONE', #765, #2022, #41 ) ;
#1005 = CARTESIAN_POINT ( 'NONE',  ( 90.00000000000002842, -12.50000000000001421, -50.00000000000000000 ) ) ;
#1006 = CARTESIAN_POINT ( 'NONE',  ( -88.00000000000002842, -12.50000000000001421, -50.00000000000000000 ) ) ;
#1007 = ORIENTED_EDGE ( 'NONE', *, *, #2275, .T. ) ;
#1008 = DIRECTION ( 'NONE',  ( 0.000000000000000000, -1.000000000000000000, -0.000000000000000000 ) ) ;
#1009 = EDGE_LOOP ( 'NONE', ( #881, #2178, #1899, #1229 ) ) ;
#1010 = CARTESIAN_POINT ( 'NONE',  ( 88.00000000000002842, 12.50000000000001243, -50.00000000000000000 ) ) ;
#1011 = EDGE_CURVE ( 'NONE', #2307, #925, #752, .T. ) ;
#1012 = DIRECTION ( 'NONE',  ( -1.000000000000000000, 0.000000000000000000, 0.000000000000000000 ) ) ;
#1013 = DIRECTION ( 'NONE',  ( -1.000000000000000000, -0.000000000000000000, -0.000000000000000000 ) ) ;
#1014 = DIRECTION ( 'NONE',  ( -1.000000000000000000, 0.000000000000000000, 0.000000000000000000 ) ) ;
#1015 = COLOUR_RGB ( '',0.7921568627450980005, 0.8196078431372548767, 0.9333333333333333481 ) ;
#1016 = VERTEX_POINT ( 'NONE', #929 ) ;
#1017 = LINE ( 'NONE', #1182, #1758 ) ;
#1018 = B_SPLINE_CURVE_WITH_KNOTS ( 'NONE', 3,
 ( #1869, #1277, #2362, #540, #1267, #2003, #922, #1092, #799, #812, #1532, #43, #79, #789, #1545, #823, #1735, #2267, #1556, #1722 ),
 .UNSPECIFIED., .F., .F.,
 ( 4, 2, 2, 2, 2, 2, 2, 2, 2, 4 ),
 ( 0.004238689945022204066, 0.004767910255252774850, 0.005297130565483344766, 0.005826350875713915550, 0.006090961030829200942, 0.006355571185944486334, 0.006884791496175038036, 0.007414011806405590606, 0.007943232116636143175, 0.008472452426866694877 ),
 .UNSPECIFIED. ) ;
#1019 = DIRECTION ( 'NONE',  ( 1.000000000000000000, 0.000000000000000000, 0.000000000000000000 ) ) ;
#1020 = ORIENTED_EDGE ( 'NONE', *, *, #172, .F. ) ;
#1021 = DIRECTION ( 'NONE',  ( -0.000000000000000000, -0.000000000000000000, 1.000000000000000000 ) ) ;
#1022 = DIRECTION ( 'NONE',  ( 1.000000000000000000, 0.000000000000000000, 0.000000000000000000 ) ) ;
#1023 = CARTESIAN_POINT ( 'NONE',  ( 99.99999999999998579, 17.50000000000001066, -50.00000000000000000 ) ) ;
#1024 = EDGE_CURVE ( 'NONE', #1975, #2095, #1364, .T. ) ;
#1025 = DIRECTION ( 'NONE',  ( -0.000000000000000000, -0.000000000000000000, 1.000000000000000000 ) ) ;
#1026 = FILL_AREA_STYLE_COLOUR ( '', #1015 ) ;
#1027 = VERTEX_POINT ( 'NONE', #1650 ) ;
#1028 = DIRECTION ( 'NONE',  ( -0.000000000000000000, -0.000000000000000000, 1.000000000000000000 ) ) ;
#1029 = AXIS2_PLACEMENT_3D ( 'NONE', #2179, #1220, #1233 ) ;
#1030 = CARTESIAN_POINT ( 'NONE',  ( -88.00000000000002842, 12.50000000000001243, -38.00000000000001421 ) ) ;
#1031 = ORIENTED_EDGE ( 'NONE', *, *, #1001, .F. ) ;
#1032 = CARTESIAN_POINT ( 'NONE',  ( -90.00000000000002842, -12.50000000000001421, 50.00000000000000000 ) ) ;
#1033 = AXIS2_PLACEMENT_3D ( 'NONE', #1158, #980, #1895 ) ;
#1034 = CARTESIAN_POINT ( 'NONE',  ( -90.00000000000002842, 10.49999999999999112, -40.00000000000001421 ) ) ;
#1035 = EDGE_LOOP ( 'NONE', ( #1355, #1120, #1467, #2105 ) ) ;
#1036 = CARTESIAN_POINT ( 'NONE',  ( 99.99999999999998579, 12.50000000000001243, 40.00000000000000000 ) ) ;
#1037 = AXIS2_PLACEMENT_3D ( 'NONE', #1212, #500, #1948 ) ;
#1038 = VECTOR ( 'NONE', #1564, 1000.000000000000000 ) ;
#1039 = CARTESIAN_POINT ( 'NONE',  ( -90.00000000000002842, -17.50000000000003908, -35.00000000000000000 ) ) ;
#1040 = CARTESIAN_POINT ( 'NONE',  ( 92.00000000000002842, 12.49999999999998757, -50.00000000000000000 ) ) ;
#1041 = ADVANCED_FACE ( 'NONE', ( #173 ), #361, .F. ) ;
#1042 = ORIENTED_EDGE ( 'NONE', *, *, #530, .T. ) ;
#1043 = FACE_OUTER_BOUND ( 'NONE', #96, .T. ) ;
#1044 = CARTESIAN_POINT ( 'NONE',  ( -91.99328076990268244, -12.31302102281875577, -38.86253080022055428 ) ) ;
#1045 = EDGE_LOOP ( 'NONE', ( #404, #2139, #1049, #729, #2115, #2198, #325, #194 ) ) ;
#1046 = CYLINDRICAL_SURFACE ( 'NONE', #1836, 2.000000000000001776 ) ;
#1047 = ADVANCED_FACE ( 'NONE', ( #1101 ), #5, .F. ) ;
#1048 = CARTESIAN_POINT ( 'NONE',  ( -91.30974206670339299, 10.97858450129179708, 39.94625860064638800 ) ) ;
#1049 = ORIENTED_EDGE ( 'NONE', *, *, #1128, .T. ) ;
#1050 = CARTESIAN_POINT ( 'NONE',  ( -92.00000000000002842, 12.49999999999998757, -50.00000000000000000 ) ) ;
#1051 = CARTESIAN_POINT ( 'NONE',  ( -92.00000000000002842, -12.50000000000001066, -50.00000000000000000 ) ) ;
#1052 = CARTESIAN_POINT ( 'NONE',  ( -50.00000000000000000, -1.387778780781445676E-14, -50.00000000000000000 ) ) ;
#1053 = VECTOR ( 'NONE', #364, 1000.000000000000000 ) ;
#1054 = ORIENTED_EDGE ( 'NONE', *, *, #1801, .F. ) ;
#1055 = DIRECTION ( 'NONE',  ( 0.000000000000000000, -1.000000000000000000, 0.000000000000000000 ) ) ;
#1056 = ADVANCED_FACE ( 'NONE', ( #1264 ), #2020, .F. ) ;
#1057 = CARTESIAN_POINT ( 'NONE',  ( -90.86347519087080116, -10.68729660878320864, -39.99329095712796089 ) ) ;
#1058 = ORIENTED_EDGE ( 'NONE', *, *, #818, .F. ) ;
#1059 = DIRECTION ( 'NONE',  ( -0.000000000000000000, -0.000000000000000000, 1.000000000000000000 ) ) ;
#1060 = AXIS2_PLACEMENT_3D ( 'NONE', #1154, #821, #775 ) ;
#1061 = LINE ( 'NONE', #488, #677 ) ;
#1062 = VERTEX_POINT ( 'NONE', #941 ) ;
#1063 = DIRECTION ( 'NONE',  ( 1.000000000000000000, 1.214306433183764720E-16, -0.000000000000000000 ) ) ;
#1064 = PLANE ( 'NONE',  #1343 ) ;
#1065 = VECTOR ( 'NONE', #837, 1000.000000000000000 ) ;
#1066 = ORIENTED_EDGE ( 'NONE', *, *, #1523, .F. ) ;
#1067 = CARTESIAN_POINT ( 'NONE',  ( -100.0000000000000142, -12.50000000000001066, -35.00000000000000711 ) ) ;
#1068 = DIRECTION ( 'NONE',  ( -1.000000000000000000, 0.000000000000000000, 0.000000000000000000 ) ) ;
#1069 = VERTEX_POINT ( 'NONE', #2208 ) ;
#1070 = ADVANCED_FACE ( 'NONE', ( #197 ), #1661, .F. ) ;
#1071 = DIRECTION ( 'NONE',  ( 0.000000000000000000, 0.000000000000000000, 1.000000000000000000 ) ) ;
#1072 = EDGE_CURVE ( 'NONE', #1102, #2372, #28, .T. ) ;
#1073 = AXIS2_PLACEMENT_3D ( 'NONE', #2203, #2249, #203 ) ;
#1074 = CARTESIAN_POINT ( 'NONE',  ( -100.0000000000000142, 12.50000000000001243, 38.00000000000000000 ) ) ;
#1075 = ORIENTED_EDGE ( 'NONE', *, *, #1949, .F. ) ;
#1076 = CARTESIAN_POINT ( 'NONE',  ( -88.69233448898364713, 10.97697398896137777, 39.94655547315336719 ) ) ;
#1077 = DIRECTION ( 'NONE',  ( 1.000000000000000000, 0.000000000000000000, 0.000000000000000000 ) ) ;
#1078 = AXIS2_PLACEMENT_3D ( 'NONE', #1302, #541, #1810 ) ;
#1079 = VERTEX_POINT ( 'NONE', #1637 ) ;
#1080 = DIRECTION ( 'NONE',  ( 0.000000000000000000, 0.000000000000000000, 1.000000000000000000 ) ) ;
#1081 = VECTOR ( 'NONE', #661, 1000.000000000000000 ) ;
#1082 = LINE ( 'NONE', #1481, #940 ) ;
#1083 = ORIENTED_EDGE ( 'NONE', *, *, #1314, .T. ) ;
#1084 = FACE_OUTER_BOUND ( 'NONE', #874, .T. ) ;
#1085 = AXIS2_PLACEMENT_3D ( 'NONE', #1543, #2277, #1734 ) ;
#1086 = CARTESIAN_POINT ( 'NONE',  ( 89.30195941533450821, -10.61732844864595826, -39.99710597250147970 ) ) ;
#1087 = VERTEX_POINT ( 'NONE', #2230 ) ;
#1088 = CARTESIAN_POINT ( 'NONE',  ( -88.00291170306071820, 12.38231007120187144, 38.69909643529522469 ) ) ;
#1089 = EDGE_CURVE ( 'NONE', #77, #249, #1633, .T. ) ;
#1090 = DIRECTION ( 'NONE',  ( -1.000000000000000000, 0.000000000000000000, 0.000000000000000000 ) ) ;
#1091 = VERTEX_POINT ( 'NONE', #2370 ) ;
#1092 = CARTESIAN_POINT ( 'NONE',  ( 91.48832952281108533, 11.16124141038068451, 39.88862526623202598 ) ) ;
#1093 = FACE_BOUND ( 'NONE', #260, .T. ) ;
#1094 = ORIENTED_EDGE ( 'NONE', *, *, #2087, .T. ) ;
#1095 = DIRECTION ( 'NONE',  ( 0.000000000000000000, 1.000000000000000000, 0.000000000000000000 ) ) ;
#1096 = AXIS2_PLACEMENT_3D ( 'NONE', #457, #2077, #1688 ) ;
#1097 = CARTESIAN_POINT ( 'NONE',  ( 91.99328076990271086, 12.31302102281876287, -38.86253080022057560 ) ) ;
#1098 = ORIENTED_EDGE ( 'NONE', *, *, #2087, .F. ) ;
#1099 = VECTOR ( 'NONE', #279, 1000.000000000000000 ) ;
#1100 = DIRECTION ( 'NONE',  ( -1.000000000000000000, 0.000000000000000000, 0.000000000000000000 ) ) ;
#1101 = FACE_OUTER_BOUND ( 'NONE', #1927, .T. ) ;
#1102 = VERTEX_POINT ( 'NONE', #1806 ) ;
#1103 = CARTESIAN_POINT ( 'NONE',  ( 90.00000000000004263, -10.50000000000001776, 40.00000000000000000 ) ) ;
#1104 = ORIENTED_EDGE ( 'NONE', *, *, #244, .F. ) ;
#1105 = DIRECTION ( 'NONE',  ( -0.000000000000000000, -0.000000000000000000, -1.000000000000000000 ) ) ;
#1106 = DIRECTION ( 'NONE',  ( 1.000000000000000000, 0.000000000000000000, -0.000000000000000000 ) ) ;
#1107 = CARTESIAN_POINT ( 'NONE',  ( -91.94621002585959957, 12.02117242680753506, -39.31004624058197550 ) ) ;
#1108 = AXIS2_PLACEMENT_3D ( 'NONE', #1621, #2355, #902 ) ;
#1109 = CARTESIAN_POINT ( 'NONE',  ( 99.99999999999998579, 12.50000000000001243, -38.00000000000001421 ) ) ;
#1110 = VECTOR ( 'NONE', #551, 1000.000000000000000 ) ;
#1111 = CARTESIAN_POINT ( 'NONE',  ( -88.22724738650421727, 11.57068082362252248, -39.69113722039458736 ) ) ;
#1112 = ORIENTED_EDGE ( 'NONE', *, *, #891, .F. ) ;
#1113 = DIRECTION ( 'NONE',  ( -0.000000000000000000, -0.000000000000000000, -1.000000000000000000 ) ) ;
#1114 = CARTESIAN_POINT ( 'NONE',  ( -90.00000000000002842, 17.49999999999999289, 35.00000000000001421 ) ) ;
#1115 = EDGE_CURVE ( 'NONE', #783, #1126, #727, .T. ) ;
#1116 = ORIENTED_EDGE ( 'NONE', *, *, #530, .F. ) ;
#1117 = PLANE ( 'NONE',  #2070 ) ;
#1118 = AXIS2_PLACEMENT_3D ( 'NONE', #1399, #1843, #418 ) ;
#1119 = CARTESIAN_POINT ( 'NONE',  ( 91.16911325903322449, 10.86762223203970734, -39.96803017099331612 ) ) ;
#1120 = ORIENTED_EDGE ( 'NONE', *, *, #612, .T. ) ;
#1121 = CARTESIAN_POINT ( 'NONE',  ( 91.55226900220513642, -11.22697590525742761, 39.86774508395602368 ) ) ;
#1122 = CYLINDRICAL_SURFACE ( 'NONE', #696, 2.000000000000001776 ) ;
#1123 = ORIENTED_EDGE ( 'NONE', *, *, #26, .T. ) ;
#1124 = DIRECTION ( 'NONE',  ( 1.000000000000000000, 0.000000000000000000, 0.000000000000000000 ) ) ;
#1125 = CARTESIAN_POINT ( 'NONE',  ( -100.0000000000000142, 10.50000000000001243, -40.00000000000000711 ) ) ;
#1126 = VERTEX_POINT ( 'NONE', #629 ) ;
#1127 = CARTESIAN_POINT ( 'NONE',  ( -90.00000000000002842, -17.50000000000003908, 35.00000000000001421 ) ) ;
#1128 = EDGE_CURVE ( 'NONE', #1279, #778, #1177, .T. ) ;
#1129 = CARTESIAN_POINT ( 'NONE',  ( 91.88858557913091829, 11.83864844105091407, -39.48842545739046273 ) ) ;
#1130 = ORIENTED_EDGE ( 'NONE', *, *, #443, .F. ) ;
#1131 = CARTESIAN_POINT ( 'NONE',  ( 90.00000000000001421, -17.50000000000001776, -35.00000000000000000 ) ) ;
#1132 = CARTESIAN_POINT ( 'NONE',  ( 5.000000000000000000, 0.000000000000000000, -50.00000000000000000 ) ) ;
#1133 = VERTEX_POINT ( 'NONE', #1131 ) ;
#1134 = DIRECTION ( 'NONE',  ( -0.000000000000000000, -0.000000000000000000, 1.000000000000000000 ) ) ;
#1135 = CARTESIAN_POINT ( 'NONE',  ( -47.50000000000000000, -1.387778780781445676E-14, -50.00000000000000000 ) ) ;
#1136 = VERTEX_POINT ( 'NONE', #76 ) ;
#1137 = DIRECTION ( 'NONE',  ( 0.000000000000000000, 0.000000000000000000, 1.000000000000000000 ) ) ;
#1138 = CIRCLE ( 'NONE', #416, 2.000000000000001776 ) ;
#1139 = CARTESIAN_POINT ( 'NONE',  ( -90.17882500265140777, 10.49999999999999112, -40.00000000000000711 ) ) ;
#1140 = DIRECTION ( 'NONE',  ( 1.000000000000000000, 0.000000000000000000, 0.000000000000000000 ) ) ;
#1141 = CARTESIAN_POINT ( 'NONE',  ( -88.00671923009736020, 12.31302102281876287, -38.86253080022057560 ) ) ;
#1142 = VECTOR ( 'NONE', #792, 1000.000000000000000 ) ;
#1143 = ORIENTED_EDGE ( 'NONE', *, *, #793, .T. ) ;
#1144 = CARTESIAN_POINT ( 'NONE',  ( 90.00000000000002842, -10.50000000000001776, -40.00000000000000711 ) ) ;
#1145 = CARTESIAN_POINT ( 'NONE',  ( 99.99999999999998579, 10.50000000000001243, -40.00000000000000711 ) ) ;
#1146 = EDGE_CURVE ( 'NONE', #1631, #1663, #1936, .T. ) ;
#1147 = ORIENTED_EDGE ( 'NONE', *, *, #1226, .F. ) ;
#1148 = CARTESIAN_POINT ( 'NONE',  ( -87.99958699256083605, -12.47632755229009582, -38.35490341791751234 ) ) ;
#1149 = VECTOR ( 'NONE', #1351, 1000.000000000000000 ) ;
#1150 = ORIENTED_EDGE ( 'NONE', *, *, #2375, .T. ) ;
#1151 = AXIS2_PLACEMENT_3D ( 'NONE', #210, #1323, #582 ) ;
#1152 = CARTESIAN_POINT ( 'NONE',  ( -91.64475618061503326, 11.35904193482814328, -39.80757536146323616 ) ) ;
#1153 = DIRECTION ( 'NONE',  ( -1.000000000000000000, -1.214306433183764720E-16, 0.000000000000000000 ) ) ;
#1154 = CARTESIAN_POINT ( 'NONE',  ( 0.000000000000000000, 0.000000000000000000, -40.00000000000000711 ) ) ;
#1155 = EDGE_CURVE ( 'NONE', #2222, #1223, #753, .T. ) ;
#1156 = CARTESIAN_POINT ( 'NONE',  ( -88.00000000000002842, 12.50000000000001243, -38.00000000000001421 ) ) ;
#1157 = ORIENTED_EDGE ( 'NONE', *, *, #1541, .T. ) ;
#1158 = CARTESIAN_POINT ( 'NONE',  ( 50.00000000000000000, -1.387778780781445676E-14, -50.00000000000000000 ) ) ;
#1159 = DIRECTION ( 'NONE',  ( -0.000000000000000000, -0.000000000000000000, 1.000000000000000000 ) ) ;
#1160 = ORIENTED_EDGE ( 'NONE', *, *, #1951, .T. ) ;
#1161 = CARTESIAN_POINT ( 'NONE',  ( 99.99999999999998579, -10.50000000000001066, -40.00000000000000711 ) ) ;
#1162 = ORIENTED_EDGE ( 'NONE', *, *, #909, .F. ) ;
#1163 = DIRECTION ( 'NONE',  ( 1.000000000000000000, 0.000000000000000000, 0.000000000000000000 ) ) ;
#1164 = LINE ( 'NONE', #987, #1681 ) ;
#1165 = DIRECTION ( 'NONE',  ( 0.000000000000000000, 0.000000000000000000, 1.000000000000000000 ) ) ;
#1166 = DIRECTION ( 'NONE',  ( 0.000000000000000000, 0.000000000000000000, 1.000000000000000000 ) ) ;
#1167 = ORIENTED_EDGE ( 'NONE', *, *, #1614, .F. ) ;
#1168 = PLANE ( 'NONE',  #1805 ) ;
#1169 = CARTESIAN_POINT ( 'NONE',  ( 90.00000000000002842, 12.49999999999998757, -50.00000000000000000 ) ) ;
#1170 = VERTEX_POINT ( 'NONE', #220 ) ;
#1171 = DIRECTION ( 'NONE',  ( 1.000000000000000000, 0.000000000000000000, 0.000000000000000000 ) ) ;
#1172 = EDGE_LOOP ( 'NONE', ( #251, #386 ) ) ;
#1173 = APPLICATION_PROTOCOL_DEFINITION ( 'draft international standard', 'automotive_design', 1998, #1207 ) ;
#1174 = DIRECTION ( 'NONE',  ( -1.000000000000000000, 0.000000000000000000, 0.000000000000000000 ) ) ;
#1175 =( GEOMETRIC_REPRESENTATION_CONTEXT ( 3 ) GLOBAL_UNCERTAINTY_ASSIGNED_CONTEXT ( ( #732 ) ) GLOBAL_UNIT_ASSIGNED_CONTEXT ( ( #2068, #2083, #1185 ) ) REPRESENTATION_CONTEXT ( 'NONE', 'WORKASPACE' ) );
#1176 = DIRECTION ( 'NONE',  ( 0.000000000000000000, 0.000000000000000000, 1.000000000000000000 ) ) ;
#1177 = LINE ( 'NONE', #254, #671 ) ;
#1178 = CARTESIAN_POINT ( 'NONE',  ( 90.00000000000002842, 10.49999999999999112, 40.00000000000000000 ) ) ;
#1179 = CARTESIAN_POINT ( 'NONE',  ( -100.0000000000000142, 10.50000000000001243, -40.00000000000000711 ) ) ;
#1180 = AXIS2_PLACEMENT_3D ( 'NONE', #451, #104, #59 ) ;
#1181 = ORIENTED_EDGE ( 'NONE', *, *, #1361, .T. ) ;
#1182 = CARTESIAN_POINT ( 'NONE',  ( -52.50000000000000711, -1.357162610802761731E-14, -50.00000000000000000 ) ) ;
#1183 = VECTOR ( 'NONE', #1397, 1000.000000000000000 ) ;
#1184 = ORIENTED_EDGE ( 'NONE', *, *, #2125, .T. ) ;
#1185 =( NAMED_UNIT ( * ) SI_UNIT ( $, .STERADIAN. ) SOLID_ANGLE_UNIT ( ) );
#1186 = DIRECTION ( 'NONE',  ( 0.000000000000000000, 0.000000000000000000, -1.000000000000000000 ) ) ;
#1187 = DIRECTION ( 'NONE',  ( 0.000000000000000000, 0.000000000000000000, 1.000000000000000000 ) ) ;
#1188 = CIRCLE ( 'NONE', #1764, 5.000000000000000000 ) ;
#1189 = FACE_OUTER_BOUND ( 'NONE', #503, .T. ) ;
#1190 = DIRECTION ( 'NONE',  ( -0.000000000000000000, -0.000000000000000000, 1.000000000000000000 ) ) ;
#1191 = DIRECTION ( 'NONE',  ( -1.000000000000000000, -3.816391647148972452E-14, 0.000000000000000000 ) ) ;
#1192 = EDGE_LOOP ( 'NONE', ( #2, #746, #2341, #1353 ) ) ;
#1193 = CARTESIAN_POINT ( 'NONE',  ( -88.30915104459649001, -11.42885478592338266, -39.77300066546956003 ) ) ;
#1194 = DIRECTION ( 'NONE',  ( 0.000000000000000000, 0.000000000000000000, 1.000000000000000000 ) ) ;
#1195 = ORIENTED_EDGE ( 'NONE', *, *, #1944, .T. ) ;
#1196 = ADVANCED_FACE ( 'NONE', ( #430 ), #1349, .F. ) ;
#1197 = DIRECTION ( 'NONE',  ( -1.000000000000000000, 0.000000000000000000, 0.000000000000000000 ) ) ;
#1198 = CARTESIAN_POINT ( 'NONE',  ( -91.94650005408207960, 12.02281760682062028, 39.30789391775513053 ) ) ;
#1199 = PLANE ( 'NONE',  #506 ) ;
#1200 = AXIS2_PLACEMENT_3D ( 'NONE', #2056, #556, #600 ) ;
#1201 = FACE_OUTER_BOUND ( 'NONE', #1433, .T. ) ;
#1202 = VECTOR ( 'NONE', #800, 1000.000000000000000 ) ;
#1203 = LINE ( 'NONE', #1228, #2218 ) ;
#1204 = ORIENTED_EDGE ( 'NONE', *, *, #290, .T. ) ;
#1205 = DIRECTION ( 'NONE',  ( 0.000000000000000000, 0.000000000000000000, -1.000000000000000000 ) ) ;
#1206 = DIRECTION ( 'NONE',  ( 1.000000000000000000, 0.000000000000000000, 0.000000000000000000 ) ) ;
#1207 = APPLICATION_CONTEXT ( 'automotive_design' ) ;
#1208 = ORIENTED_EDGE ( 'NONE', *, *, #112, .T. ) ;
#1209 = CARTESIAN_POINT ( 'NONE',  ( -91.99708829693932444, 12.38231007120186966, -38.69909643529523180 ) ) ;
#1210 = DIRECTION ( 'NONE',  ( -0.000000000000000000, -0.000000000000000000, 1.000000000000000000 ) ) ;
#1211 = ORIENTED_EDGE ( 'NONE', *, *, #543, .T. ) ;
#1212 = CARTESIAN_POINT ( 'NONE',  ( 99.99999999999998579, -17.49999999999998934, 50.00000000000000000 ) ) ;
#1213 = AXIS2_PLACEMENT_3D ( 'NONE', #1742, #1380, #62 ) ;
#1214 = CYLINDRICAL_SURFACE ( 'NONE', #1651, 2.000000000000001776 ) ;
#1215 = SURFACE_STYLE_USAGE ( .BOTH. , #1602 ) ;
#1216 = ORIENTED_EDGE ( 'NONE', *, *, #763, .F. ) ;
#1217 = DIRECTION ( 'NONE',  ( -0.000000000000000000, -0.000000000000000000, -1.000000000000000000 ) ) ;
#1218 = CYLINDRICAL_SURFACE ( 'NONE', #316, 2.000000000000001776 ) ;
#1219 = VERTEX_POINT ( 'NONE', #1912 ) ;
#1220 = DIRECTION ( 'NONE',  ( -0.000000000000000000, -0.000000000000000000, 1.000000000000000000 ) ) ;
#1221 = AXIS2_PLACEMENT_3D ( 'NONE', #1771, #886, #1410 ) ;
#1222 = CARTESIAN_POINT ( 'NONE',  ( 92.00000000000002842, 12.50000000000001243, -38.00000000000001421 ) ) ;
#1223 = VERTEX_POINT ( 'NONE', #417 ) ;
#1224 = CARTESIAN_POINT ( 'NONE',  ( -100.0000000000000142, -12.50000000000001066, -38.00000000000000711 ) ) ;
#1225 = VECTOR ( 'NONE', #2333, 1000.000000000000000 ) ;
#1226 = EDGE_CURVE ( 'NONE', #1069, #1400, #1670, .T. ) ;
#1227 = CARTESIAN_POINT ( 'NONE',  ( -90.00000000000002842, -12.50000000000001421, -50.00000000000000000 ) ) ;
#1228 = CARTESIAN_POINT ( 'NONE',  ( 88.00000000000002842, -12.50000000000001066, -50.00000000000000000 ) ) ;
#1229 = ORIENTED_EDGE ( 'NONE', *, *, #1864, .T. ) ;
#1230 = CARTESIAN_POINT ( 'NONE',  ( 0.000000000000000000, 0.000000000000000000, -50.00000000000000000 ) ) ;
#1231 = CARTESIAN_POINT ( 'NONE',  ( -91.16911325903321028, -10.86762223203971622, -39.96803017099329480 ) ) ;
#1232 = ORIENTED_EDGE ( 'NONE', *, *, #818, .T. ) ;
#1233 = DIRECTION ( 'NONE',  ( 1.000000000000000000, 0.000000000000000000, 0.000000000000000000 ) ) ;
#1234 = CARTESIAN_POINT ( 'NONE',  ( -91.88858557913088987, 11.83864844105090874, 39.48842545739044851 ) ) ;
#1235 = ORIENTED_EDGE ( 'NONE', *, *, #819, .T. ) ;
#1236 = FACE_OUTER_BOUND ( 'NONE', #2193, .T. ) ;
#1237 = DIRECTION ( 'NONE',  ( 0.000000000000000000, 0.000000000000000000, -1.000000000000000000 ) ) ;
#1238 = AXIS2_PLACEMENT_3D ( 'NONE', #288, #2109, #1197 ) ;
#1239 = EDGE_CURVE ( 'NONE', #2082, #313, #1248, .T. ) ;
#1240 = EDGE_CURVE ( 'NONE', #1939, #778, #1283, .T. ) ;
#1241 = STYLED_ITEM ( 'NONE', ( #1954 ), #1997 ) ;
#1242 = ORIENTED_EDGE ( 'NONE', *, *, #1915, .T. ) ;
#1243 = CARTESIAN_POINT ( 'NONE',  ( -91.81039688532243304, -11.63527336335203799, 39.65419608354518033 ) ) ;
#1244 = B_SPLINE_CURVE_WITH_KNOTS ( 'NONE', 3,
 ( #1222, #1962, #320, #1272, #1097, #1863, #1294, #1129, #1669, #1451, #217, #2008, #949, #1813, #1119, #1679, #36, #179, #2228, #1826 ),
 .UNSPECIFIED., .F., .F.,
 ( 4, 2, 2, 2, 2, 2, 2, 2, 2, 4 ),
 ( 0.000000000000000000, 0.0005298362431277765924, 0.001059672486255553185, 0.001589508729383329669, 0.001854426850947218019, 0.002119344972511106370, 0.002649181215638878300, 0.003179017458766650664, 0.003708853701894423028, 0.004238689945022195392 ),
 .UNSPECIFIED. ) ;
#1245 = CARTESIAN_POINT ( 'NONE',  ( 92.00000000000002842, -12.50000000000001421, -50.00000000000000000 ) ) ;
#1246 = ORIENTED_EDGE ( 'NONE', *, *, #1906, .F. ) ;
#1247 = DIRECTION ( 'NONE',  ( 0.000000000000000000, 0.000000000000000000, -1.000000000000000000 ) ) ;
#1248 = CIRCLE ( 'NONE', #214, 2.000000000000001776 ) ;
#1249 = CARTESIAN_POINT ( 'NONE',  ( -91.16911325903321028, 10.86762223203969313, 39.96803017099329480 ) ) ;
#1250 = ORIENTED_EDGE ( 'NONE', *, *, #909, .T. ) ;
#1251 = CARTESIAN_POINT ( 'NONE',  ( -88.69025793329664964, -10.97858450129183083, 39.94625860064640221 ) ) ;
#1252 = EDGE_CURVE ( 'NONE', #368, #1479, #2120, .T. ) ;
#1253 = CARTESIAN_POINT ( 'NONE',  ( 90.00000000000002842, -12.50000000000001421, 50.00000000000000000 ) ) ;
#1254 = AXIS2_PLACEMENT_3D ( 'NONE', #50, #1153, #1717 ) ;
#1255 = ORIENTED_EDGE ( 'NONE', *, *, #2175, .F. ) ;
#1256 = LINE ( 'NONE', #1423, #883 ) ;
#1257 = VERTEX_POINT ( 'NONE', #590 ) ;
#1258 = LINE ( 'NONE', #1943, #918 ) ;
#1259 = EDGE_CURVE ( 'NONE', #1558, #678, #159, .T. ) ;
#1260 = AXIS2_PLACEMENT_3D ( 'NONE', #735, #2017, #378 ) ;
#1261 = CARTESIAN_POINT ( 'NONE',  ( 88.83088674096684656, -10.86762223203972155, -39.96803017099329480 ) ) ;
#1262 = ORIENTED_EDGE ( 'NONE', *, *, #2021, .T. ) ;
#1263 = CARTESIAN_POINT ( 'NONE',  ( -89.13652480912924148, -10.68729660878321219, 39.99329095712793958 ) ) ;
#1264 = FACE_OUTER_BOUND ( 'NONE', #452, .T. ) ;
#1265 = VECTOR ( 'NONE', #1491, 1000.000000000000000 ) ;
#1266 = ORIENTED_EDGE ( 'NONE', *, *, #953, .T. ) ;
#1267 = CARTESIAN_POINT ( 'NONE',  ( 90.86256395138478581, 10.68700877011728068, 39.99327426793973217 ) ) ;
#1268 = CARTESIAN_POINT ( 'NONE',  ( 99.99999999999998579, 17.50000000000001066, 50.00000000000000000 ) ) ;
#1269 = VERTEX_POINT ( 'NONE', #785 ) ;
#1270 = DIRECTION ( 'NONE',  ( 0.000000000000000000, 0.000000000000000000, 1.000000000000000000 ) ) ;
#1271 = EDGE_CURVE ( 'NONE', #1549, #1463, #1515, .T. ) ;
#1272 = CARTESIAN_POINT ( 'NONE',  ( 91.99712623411417667, 12.38310850526602991, -38.69670505898094603 ) ) ;
#1273 = ORIENTED_EDGE ( 'NONE', *, *, #1919, .F. ) ;
#1274 = CARTESIAN_POINT ( 'NONE',  ( -88.19262594037141412, -11.64052106005681964, 39.64506774705403558 ) ) ;
#1275 = DIRECTION ( 'NONE',  ( 0.000000000000000000, -0.000000000000000000, 1.000000000000000000 ) ) ;
#1276 = ORIENTED_EDGE ( 'NONE', *, *, #184, .F. ) ;
#1277 = CARTESIAN_POINT ( 'NONE',  ( 90.17882500265140777, 10.49999999999999112, 39.99999999999999289 ) ) ;
#1278 = DIRECTION ( 'NONE',  ( -0.000000000000000000, 0.000000000000000000, -1.000000000000000000 ) ) ;
#1279 = VERTEX_POINT ( 'NONE', #809 ) ;
#1280 = FACE_BOUND ( 'NONE', #245, .T. ) ;
#1281 = DIRECTION ( 'NONE',  ( 0.000000000000000000, 0.000000000000000000, 1.000000000000000000 ) ) ;
#1282 = CARTESIAN_POINT ( 'NONE',  ( -90.35443204138877604, 10.52369353527502049, -40.00040225129954052 ) ) ;
#1283 = B_SPLINE_CURVE_WITH_KNOTS ( 'NONE', 3,
 ( #1358, #1334, #952, #2100, #268, #63, #1718, #230, #2073, #1683, #39, #966, #1892, #242, #1528, #2046, #977, #797, #1003, #1902 ),
 .UNSPECIFIED., .F., .F.,
 ( 4, 2, 2, 2, 2, 2, 2, 2, 2, 4 ),
 ( 0.000000000000000000, 0.0005298362431277616304, 0.001059672486255523261, 0.001589508729383284783, 0.001854426850947165761, 0.002119344972511046522, 0.002649181215638835799, 0.003179017458766625077, 0.003708853701894414354, 0.004238689945022204066 ),
 .UNSPECIFIED. ) ;
#1284 = EDGE_CURVE ( 'NONE', #1886, #2118, #1807, .T. ) ;
#1285 = DIRECTION ( 'NONE',  ( -0.000000000000000000, -0.000000000000000000, 1.000000000000000000 ) ) ;
#1286 = EDGE_CURVE ( 'NONE', #1972, #1909, #90, .T. ) ;
#1287 = CARTESIAN_POINT ( 'NONE',  ( -5.000000000000000000, 6.123233995736766282E-16, 50.00000000000000000 ) ) ;
#1288 = ORIENTED_EDGE ( 'NONE', *, *, #2302, .F. ) ;
#1289 = CARTESIAN_POINT ( 'NONE',  ( 89.30356537317847199, -10.61681436787537969, 39.99712917811440605 ) ) ;
#1290 = CYLINDRICAL_SURFACE ( 'NONE', #1432, 2.000000000000001776 ) ;
#1291 = VECTOR ( 'NONE', #976, 1000.000000000000000 ) ;
#1292 = ORIENTED_EDGE ( 'NONE', *, *, #570, .T. ) ;
#1293 = CARTESIAN_POINT ( 'NONE',  ( 92.00000000000004263, 12.50000000000001243, 38.00000000000000000 ) ) ;
#1294 = CARTESIAN_POINT ( 'NONE',  ( 91.94650005408207960, 12.02281760682062206, -39.30789391775515185 ) ) ;
#1295 = ORIENTED_EDGE ( 'NONE', *, *, #868, .T. ) ;
#1296 = CIRCLE ( 'NONE', #726, 2.500000000000002220 ) ;
#1297 = CARTESIAN_POINT ( 'NONE',  ( 91.94650005408207960, -12.02281760682063094, 39.30789391775511632 ) ) ;
#1298 = CARTESIAN_POINT ( 'NONE',  ( -90.00000000000002842, 10.49999999999999112, -40.00000000000001421 ) ) ;
#1299 = ADVANCED_FACE ( 'NONE', ( #1767, #1381 ), #490, .F. ) ;
#1300 = ORIENTED_EDGE ( 'NONE', *, *, #630, .F. ) ;
#1301 = CARTESIAN_POINT ( 'NONE',  ( -50.00000000000000000, -1.387778780781445676E-14, -50.00000000000000000 ) ) ;
#1302 = CARTESIAN_POINT ( 'NONE',  ( -100.0000000000000142, 12.50000000000001243, 40.00000000000000000 ) ) ;
#1303 = ORIENTED_EDGE ( 'NONE', *, *, #2204, .T. ) ;
#1304 = CYLINDRICAL_SURFACE ( 'NONE', #1073, 2.000000000000001776 ) ;
#1305 = AXIS2_PLACEMENT_3D ( 'NONE', #495, #876, #681 ) ;
#1306 = CARTESIAN_POINT ( 'NONE',  ( 90.00000000000002842, -12.50000000000001421, -50.00000000000000000 ) ) ;
#1307 = ORIENTED_EDGE ( 'NONE', *, *, #1024, .F. ) ;
#1308 = DIRECTION ( 'NONE',  ( 1.000000000000000000, -0.000000000000000000, 0.000000000000000000 ) ) ;
#1309 = EDGE_CURVE ( 'NONE', #2059, #1479, #1778, .T. ) ;
#1310 = CARTESIAN_POINT ( 'NONE',  ( -88.00000000000004263, 12.50000000000001599, -38.17911071567699821 ) ) ;
#1311 = ORIENTED_EDGE ( 'NONE', *, *, #1582, .T. ) ;
#1312 = FACE_OUTER_BOUND ( 'NONE', #37, .T. ) ;
#1313 = FACE_OUTER_BOUND ( 'NONE', #1045, .T. ) ;
#1314 = EDGE_CURVE ( 'NONE', #950, #520, #1371, .T. ) ;
#1315 = ORIENTED_EDGE ( 'NONE', *, *, #1729, .T. ) ;
#1316 = FACE_BOUND ( 'NONE', #1378, .T. ) ;
#1317 = VECTOR ( 'NONE', #1561, 1000.000000000000000 ) ;
#1318 = ORIENTED_EDGE ( 'NONE', *, *, #623, .T. ) ;
#1319 = VECTOR ( 'NONE', #642, 1000.000000000000000 ) ;
#1320 = CARTESIAN_POINT ( 'NONE',  ( 90.00000000000002842, -12.50000000000001421, 35.00000000000001421 ) ) ;
#1321 = EDGE_CURVE ( 'NONE', #1831, #783, #1599, .T. ) ;
#1322 = VECTOR ( 'NONE', #99, 1000.000000000000000 ) ;
#1323 = DIRECTION ( 'NONE',  ( 1.000000000000000000, 1.214306433183764720E-16, -0.000000000000000000 ) ) ;
#1324 = EDGE_LOOP ( 'NONE', ( #2225, #1396, #901, #969 ) ) ;
#1325 = DIRECTION ( 'NONE',  ( -0.000000000000000000, 0.000000000000000000, -1.000000000000000000 ) ) ;
#1326 = LINE ( 'NONE', #1179, #2052 ) ;
#1327 = ORIENTED_EDGE ( 'NONE', *, *, #88, .F. ) ;
#1328 = CARTESIAN_POINT ( 'NONE',  ( -90.00000000000001421, -10.50000000000001776, -40.00000000000000711 ) ) ;
#1329 = CIRCLE ( 'NONE', #342, 2.000000000000001776 ) ;
#1330 = EDGE_LOOP ( 'NONE', ( #531, #2136, #2367, #983 ) ) ;
#1331 = ADVANCED_FACE ( 'NONE', ( #1405 ), #882, .F. ) ;
#1332 = CARTESIAN_POINT ( 'NONE',  ( -91.48832952281108533, 11.16124141038068096, -39.88862526623204730 ) ) ;
#1333 = PLANE ( 'NONE',  #1945 ) ;
#1334 = CARTESIAN_POINT ( 'NONE',  ( 88.00000000000004263, 12.50000000000001599, 38.17911071567696268 ) ) ;
#1335 = AXIS2_PLACEMENT_3D ( 'NONE', #2214, #1105, #564 ) ;
#1336 = DIRECTION ( 'NONE',  ( -0.000000000000000000, -0.000000000000000000, 1.000000000000000000 ) ) ;
#1337 = AXIS2_PLACEMENT_3D ( 'NONE', #2186, #1134, #1124 ) ;
#1338 = ORIENTED_EDGE ( 'NONE', *, *, #1798, .T. ) ;
#1339 = CARTESIAN_POINT ( 'NONE',  ( 90.35443204138879025, -10.52369353527505069, -40.00040225129953342 ) ) ;
#1340 = DIRECTION ( 'NONE',  ( 0.000000000000000000, 0.000000000000000000, 1.000000000000000000 ) ) ;
#1341 = ORIENTED_EDGE ( 'NONE', *, *, #7, .T. ) ;
#1342 = CARTESIAN_POINT ( 'NONE',  ( -88.00000000000004263, -12.50000000000001243, -38.17925096310134592 ) ) ;
#1343 = AXIS2_PLACEMENT_3D ( 'NONE', #1793, #1407, #691 ) ;
#1344 = VERTEX_POINT ( 'NONE', #688 ) ;
#1345 = CIRCLE ( 'NONE', #2195, 2.000000000000001776 ) ;
#1346 = SHAPE_DEFINITION_REPRESENTATION ( #477, #2196 ) ;
#1347 = LINE ( 'NONE', #87, #15 ) ;
#1348 = FACE_OUTER_BOUND ( 'NONE', #717, .T. ) ;
#1349 = PLANE ( 'NONE',  #21 ) ;
#1350 = EDGE_LOOP ( 'NONE', ( #791, #1250 ) ) ;
#1351 = DIRECTION ( 'NONE',  ( -1.214306433183764720E-16, 1.000000000000000000, -0.000000000000000000 ) ) ;
#1352 = DIRECTION ( 'NONE',  ( 0.000000000000000000, 0.000000000000000000, -1.000000000000000000 ) ) ;
#1353 = ORIENTED_EDGE ( 'NONE', *, *, #1499, .T. ) ;
#1354 = CARTESIAN_POINT ( 'NONE',  ( -89.82117499734866328, -10.50000000000002309, -40.00000000000000711 ) ) ;
#1355 = ORIENTED_EDGE ( 'NONE', *, *, #585, .T. ) ;
#1356 = DIRECTION ( 'NONE',  ( -1.214306433183764720E-16, 1.000000000000000000, -0.000000000000000000 ) ) ;
#1357 = DIRECTION ( 'NONE',  ( -1.000000000000000000, 0.000000000000000000, 0.000000000000000000 ) ) ;
#1358 = CARTESIAN_POINT ( 'NONE',  ( 88.00000000000004263, 12.50000000000001243, 38.00000000000000000 ) ) ;
#1359 = EDGE_CURVE ( 'NONE', #168, #1463, #2122, .T. ) ;
#1360 = ORIENTED_EDGE ( 'NONE', *, *, #458, .F. ) ;
#1361 = EDGE_CURVE ( 'NONE', #1400, #1069, #545, .T. ) ;
#1362 = VECTOR ( 'NONE', #549, 1000.000000000000000 ) ;
#1363 = CARTESIAN_POINT ( 'NONE',  ( 91.64475618061501905, -11.35904193482815394, -39.80757536146323616 ) ) ;
#1364 = B_SPLINE_CURVE_WITH_KNOTS ( 'NONE', 3,
 ( #558, #569, #896, #919, #183, #2034, #1297, #16, #2360, #161, #741, #2012, #1121, #1454, #1855, #764, #372, #2000, #715, #1841 ),
 .UNSPECIFIED., .F., .F.,
 ( 4, 2, 2, 2, 2, 2, 2, 2, 2, 4 ),
 ( 0.000000000000000000, 0.0005298362431277660756, 0.001059672486255532151, 0.001589508729383298444, 0.001854426850947179638, 0.002119344972511060833, 0.002649181215638837534, 0.003179017458766614668, 0.003708853701894391369, 0.004238689945022168504 ),
 .UNSPECIFIED. ) ;
#1365 = CARTESIAN_POINT ( 'NONE',  ( -52.50000000000000711, -1.357162610802761731E-14, 50.00000000000000000 ) ) ;
#1366 = VERTEX_POINT ( 'NONE', #1417 ) ;
#1367 = CARTESIAN_POINT ( 'NONE',  ( 0.000000000000000000, 0.000000000000000000, 39.99999999999999289 ) ) ;
#1368 = ORIENTED_EDGE ( 'NONE', *, *, #543, .F. ) ;
#1369 = LINE ( 'NONE', #1010, #1317 ) ;
#1370 = CARTESIAN_POINT ( 'NONE',  ( 90.00000000000002842, -12.50000000000001421, -50.00000000000000000 ) ) ;
#1371 = LINE ( 'NONE', #1224, #1819 ) ;
#1372 = CARTESIAN_POINT ( 'NONE',  ( -90.00000000000002842, -17.50000000000003908, -35.00000000000000000 ) ) ;
#1373 = LINE ( 'NONE', #411, #633 ) ;
#1374 = EDGE_CURVE ( 'NONE', #30, #1091, #660, .T. ) ;
#1375 = CIRCLE ( 'NONE', #2188, 2.000000000000001776 ) ;
#1376 = ORIENTED_EDGE ( 'NONE', *, *, #1359, .F. ) ;
#1377 = CARTESIAN_POINT ( 'NONE',  ( -100.0000000000000142, -12.50000000000001066, -38.00000000000001421 ) ) ;
#1378 = EDGE_LOOP ( 'NONE', ( #2281, #1511 ) ) ;
#1379 = DIRECTION ( 'NONE',  ( -0.000000000000000000, -0.000000000000000000, 1.000000000000000000 ) ) ;
#1380 = DIRECTION ( 'NONE',  ( 0.000000000000000000, -1.000000000000000000, -0.000000000000000000 ) ) ;
#1381 = FACE_OUTER_BOUND ( 'NONE', #1674, .T. ) ;
#1382 = CARTESIAN_POINT ( 'NONE',  ( 90.00000000000001421, 17.50000000000001066, 35.00000000000001421 ) ) ;
#1383 =( NAMED_UNIT ( * ) PLANE_ANGLE_UNIT ( ) SI_UNIT ( $, .RADIAN. ) );
#1384 = VERTEX_POINT ( 'NONE', #1965 ) ;
#1385 = CARTESIAN_POINT ( 'NONE',  ( -91.48832952281107112, -11.16124141038070050, 39.88862526623204019 ) ) ;
#1386 = EDGE_CURVE ( 'NONE', #2354, #2229, #1613, .T. ) ;
#1387 = DIRECTION ( 'NONE',  ( -1.000000000000000000, 0.000000000000000000, 0.000000000000000000 ) ) ;
#1388 = ORIENTED_EDGE ( 'NONE', *, *, #534, .F. ) ;
#1389 = DIRECTION ( 'NONE',  ( 0.000000000000000000, 0.000000000000000000, -1.000000000000000000 ) ) ;
#1390 = CARTESIAN_POINT ( 'NONE',  ( 88.51167047718901415, 11.16124141038067386, -39.88862526623207572 ) ) ;
#1391 = DIRECTION ( 'NONE',  ( 1.000000000000000000, 0.000000000000000000, 0.000000000000000000 ) ) ;
#1392 = EDGE_CURVE ( 'NONE', #1412, #481, #308, .T. ) ;
#1393 = DIRECTION ( 'NONE',  ( -0.000000000000000000, -0.000000000000000000, 1.000000000000000000 ) ) ;
#1394 = AXIS2_PLACEMENT_3D ( 'NONE', #552, #1278, #2015 ) ;
#1395 = LINE ( 'NONE', #1040, #1871 ) ;
#1396 = ORIENTED_EDGE ( 'NONE', *, *, #1072, .T. ) ;
#1397 = DIRECTION ( 'NONE',  ( 1.000000000000000000, 0.000000000000000000, 0.000000000000000000 ) ) ;
#1398 = AXIS2_PLACEMENT_3D ( 'NONE', #1465, #1285, #208 ) ;
#1399 = CARTESIAN_POINT ( 'NONE',  ( -100.0000000000000142, -10.50000000000001066, -38.00000000000000711 ) ) ;
#1400 = VERTEX_POINT ( 'NONE', #1050 ) ;
#1401 = DIRECTION ( 'NONE',  ( 1.000000000000000000, 0.000000000000000000, 0.000000000000000000 ) ) ;
#1402 = EDGE_CURVE ( 'NONE', #481, #2095, #476, .T. ) ;
#1403 = CARTESIAN_POINT ( 'NONE',  ( 88.30915104459656106, 11.42885478592337201, -39.77300066546958135 ) ) ;
#1404 = ORIENTED_EDGE ( 'NONE', *, *, #2001, .T. ) ;
#1405 = FACE_OUTER_BOUND ( 'NONE', #1700, .T. ) ;
#1406 = AXIS2_PLACEMENT_3D ( 'NONE', #2288, #796, #1901 ) ;
#1407 = DIRECTION ( 'NONE',  ( 1.214306433183764966E-16, -1.000000000000000000, 0.000000000000000000 ) ) ;
#1408 = CARTESIAN_POINT ( 'NONE',  ( -90.00000000000002842, -12.50000000000001421, -35.00000000000000000 ) ) ;
#1409 = ORIENTED_EDGE ( 'NONE', *, *, #1271, .T. ) ;
#1410 = DIRECTION ( 'NONE',  ( 0.000000000000000000, 0.000000000000000000, 1.000000000000000000 ) ) ;
#1411 = CARTESIAN_POINT ( 'NONE',  ( -5.000000000000000000, 6.123233995736766282E-16, -50.00000000000000000 ) ) ;
#1412 = VERTEX_POINT ( 'NONE', #322 ) ;
#1413 = FACE_BOUND ( 'NONE', #2006, .T. ) ;
#1414 = AXIS2_PLACEMENT_3D ( 'NONE', #2315, #718, #2014 ) ;
#1415 = CARTESIAN_POINT ( 'NONE',  ( 88.45634537177747347, 11.22558303961415760, -39.86515709413082220 ) ) ;
#1416 = ORIENTED_EDGE ( 'NONE', *, *, #1696, .F. ) ;
#1417 = CARTESIAN_POINT ( 'NONE',  ( 5.000000000000000000, 0.000000000000000000, -50.00000000000000000 ) ) ;
#1418 = EDGE_CURVE ( 'NONE', #925, #1824, #466, .T. ) ;
#1419 = CIRCLE ( 'NONE', #195, 2.000000000000001776 ) ;
#1420 = CARTESIAN_POINT ( 'NONE',  ( 50.00000000000000000, -1.387778780781445676E-14, -50.00000000000000000 ) ) ;
#1421 = DIRECTION ( 'NONE',  ( 1.000000000000000000, 0.000000000000000000, 0.000000000000000000 ) ) ;
#1422 = EDGE_LOOP ( 'NONE', ( #2303, #2053, #1686, #1232 ) ) ;
#1423 = CARTESIAN_POINT ( 'NONE',  ( -88.00000000000002842, -12.50000000000001066, -50.00000000000000000 ) ) ;
#1424 = LINE ( 'NONE', #1245, #1652 ) ;
#1425 = EDGE_LOOP ( 'NONE', ( #979, #2027, #1794, #1907, #2009 ) ) ;
#1426 = CARTESIAN_POINT ( 'NONE',  ( -90.00000000000002842, -14.50000000000001066, -50.00000000000000000 ) ) ;
#1427 = CARTESIAN_POINT ( 'NONE',  ( -90.00000000000002842, 17.49999999999999289, -35.00000000000000000 ) ) ;
#1428 = ORIENTED_EDGE ( 'NONE', *, *, #38, .T. ) ;
#1429 = CARTESIAN_POINT ( 'NONE',  ( -88.44773099779497727, -11.22697590525742761, 39.86774508395603078 ) ) ;
#1430 = CARTESIAN_POINT ( 'NONE',  ( -92.00000000000002842, -12.50000000000001066, -38.00000000000001421 ) ) ;
#1431 = EDGE_CURVE ( 'NONE', #1865, #2042, #1588, .T. ) ;
#1432 = AXIS2_PLACEMENT_3D ( 'NONE', #1630, #2025, #388 ) ;
#1433 = EDGE_LOOP ( 'NONE', ( #1162, #1512, #1917, #1288, #281 ) ) ;
#1434 = LINE ( 'NONE', #139, #185 ) ;
#1435 = ORIENTED_EDGE ( 'NONE', *, *, #184, .T. ) ;
#1436 = DIRECTION ( 'NONE',  ( -1.000000000000000000, 0.000000000000000000, 0.000000000000000000 ) ) ;
#1437 = ADVANCED_FACE ( 'NONE', ( #1236 ), #1199, .F. ) ;
#1438 = CYLINDRICAL_SURFACE ( 'NONE', #760, 5.000000000000000000 ) ;
#1439 = ORIENTED_EDGE ( 'NONE', *, *, #1950, .T. ) ;
#1440 = CARTESIAN_POINT ( 'NONE',  ( -89.13743604861527103, 10.68700877011728245, 39.99327426793971085 ) ) ;
#1441 = DIRECTION ( 'NONE',  ( 1.000000000000000000, -0.000000000000000000, 0.000000000000000000 ) ) ;
#1442 = VECTOR ( 'NONE', #2205, 1000.000000000000000 ) ;
#1443 = ORIENTED_EDGE ( 'NONE', *, *, #1951, .F. ) ;
#1444 = DIRECTION ( 'NONE',  ( -0.000000000000000000, -0.000000000000000000, -1.000000000000000000 ) ) ;
#1445 = CARTESIAN_POINT ( 'NONE',  ( 50.00000000000000000, -1.387778780781445676E-14, -50.00000000000000000 ) ) ;
#1446 = ADVANCED_FACE ( 'NONE', ( #1189 ), #2322, .F. ) ;
#1447 = EDGE_CURVE ( 'NONE', #2059, #1799, #2349, .T. ) ;
#1448 = EDGE_LOOP ( 'NONE', ( #1617, #985, #1083, #2266 ) ) ;
#1449 = CARTESIAN_POINT ( 'NONE',  ( -88.00000000000002842, -12.50000000000001066, -35.00000000000000711 ) ) ;
#1450 = VECTOR ( 'NONE', #1738, 1000.000000000000000 ) ;
#1451 = CARTESIAN_POINT ( 'NONE',  ( 91.80737405962860009, 11.64052106005681253, -39.64506774705406400 ) ) ;
#1452 = ORIENTED_EDGE ( 'NONE', *, *, #515, .F. ) ;
#1453 = DIRECTION ( 'NONE',  ( 1.000000000000000000, 0.000000000000000000, 0.000000000000000000 ) ) ;
#1454 = CARTESIAN_POINT ( 'NONE',  ( 91.30974206670343563, -10.97858450129183083, 39.94625860064640221 ) ) ;
#1455 = VECTOR ( 'NONE', #2335, 1000.000000000000000 ) ;
#1456 = ORIENTED_EDGE ( 'NONE', *, *, #1284, .T. ) ;
#1457 = DIRECTION ( 'NONE',  ( -0.000000000000000000, 0.000000000000000000, 1.000000000000000000 ) ) ;
#1458 = DIRECTION ( 'NONE',  ( -0.000000000000000000, -0.000000000000000000, 1.000000000000000000 ) ) ;
#1459 = ORIENTED_EDGE ( 'NONE', *, *, #1696, .T. ) ;
#1460 = DIRECTION ( 'NONE',  ( 1.000000000000000000, 0.000000000000000000, 0.000000000000000000 ) ) ;
#1461 = CARTESIAN_POINT ( 'NONE',  ( 99.99999999999998579, -10.50000000000001066, -40.00000000000000711 ) ) ;
#1462 = EDGE_CURVE ( 'NONE', #678, #673, #169, .T. ) ;
#1463 = VERTEX_POINT ( 'NONE', #702 ) ;
#1464 = CARTESIAN_POINT ( 'NONE',  ( -88.00672242675202028, 12.31249992160764961, 38.86393187794445936 ) ) ;
#1465 = CARTESIAN_POINT ( 'NONE',  ( -90.00000000000002842, -12.50000000000001421, -50.00000000000000000 ) ) ;
#1466 = LINE ( 'NONE', #29, #118 ) ;
#1467 = ORIENTED_EDGE ( 'NONE', *, *, #100, .T. ) ;
#1468 = CARTESIAN_POINT ( 'NONE',  ( 92.00000000000002842, 12.49999999999998757, 50.00000000000000000 ) ) ;
#1469 = CARTESIAN_POINT ( 'NONE',  ( 99.99999999999998579, 12.50000000000001243, 38.00000000000000000 ) ) ;
#1470 = CIRCLE ( 'NONE', #371, 2.000000000000001776 ) ;
#1471 = ORIENTED_EDGE ( 'NONE', *, *, #924, .T. ) ;
#1472 = FACE_BOUND ( 'NONE', #1172, .T. ) ;
#1473 = CARTESIAN_POINT ( 'NONE',  ( 88.00671923009737441, -12.31302102281876110, -38.86253080022057560 ) ) ;
#1474 = AXIS2_PLACEMENT_3D ( 'NONE', #618, #602, #1694 ) ;
#1475 = ORIENTED_EDGE ( 'NONE', *, *, #655, .T. ) ;
#1476 = ADVANCED_FACE ( 'NONE', ( #2010 ), #2368, .F. ) ;
#1477 = CARTESIAN_POINT ( 'NONE',  ( -100.0000000000000142, 12.50000000000001243, 40.00000000000000000 ) ) ;
#1478 = LINE ( 'NONE', #942, #1999 ) ;
#1479 = VERTEX_POINT ( 'NONE', #2207 ) ;
#1480 = CARTESIAN_POINT ( 'NONE',  ( 88.69233448898366134, -10.97697398896138843, 39.94655547315336719 ) ) ;
#1481 = CARTESIAN_POINT ( 'NONE',  ( -100.0000000000000142, -12.50000000000001066, -38.00000000000000711 ) ) ;
#1482 = AXIS2_PLACEMENT_3D ( 'NONE', #1838, #1106, #403 ) ;
#1483 = ORIENTED_EDGE ( 'NONE', *, *, #2330, .F. ) ;
#1484 = B_SPLINE_CURVE_WITH_KNOTS ( 'NONE', 3,
 ( #1987, #2194, #347, #894, #1440, #714, #1076, #369, #2182, #548, #917, #1804, #1649, #3, #158, #1464, #1088, #1929, #1749, #472 ),
 .UNSPECIFIED., .F., .F.,
 ( 4, 2, 2, 2, 2, 2, 2, 2, 2, 4 ),
 ( 0.004238689945022220545, 0.004767910255252773982, 0.005297130565483326552, 0.005826350875713879988, 0.006090961030829154105, 0.006355571185944429088, 0.006884791496174997270, 0.007414011806405565452, 0.007943232116636132767, 0.008472452426866701816 ),
 .UNSPECIFIED. ) ;
#1485 = FACE_OUTER_BOUND ( 'NONE', #307, .T. ) ;
#1486 = CARTESIAN_POINT ( 'NONE',  ( 88.69025793329664964, -10.97858450129182373, -39.94625860064639511 ) ) ;
#1487 = ORIENTED_EDGE ( 'NONE', *, *, #1374, .F. ) ;
#1488 = CIRCLE ( 'NONE', #1605, 2.000000000000001776 ) ;
#1489 = DIRECTION ( 'NONE',  ( -0.000000000000000000, -0.000000000000000000, 1.000000000000000000 ) ) ;
#1490 = CIRCLE ( 'NONE', #920, 2.500000000000002220 ) ;
#1491 = DIRECTION ( 'NONE',  ( 0.000000000000000000, 0.000000000000000000, -1.000000000000000000 ) ) ;
#1492 = ORIENTED_EDGE ( 'NONE', *, *, #835, .T. ) ;
#1493 = CARTESIAN_POINT ( 'NONE',  ( 89.82117499734869170, -10.50000000000001421, 40.00000000000000000 ) ) ;
#1494 = FACE_BOUND ( 'NONE', #444, .T. ) ;
#1495 = AXIS2_PLACEMENT_3D ( 'NONE', #1477, #395, #1275 ) ;
#1496 = VERTEX_POINT ( 'NONE', #525 ) ;
#1497 = DIRECTION ( 'NONE',  ( 1.000000000000000000, 0.000000000000000000, 0.000000000000000000 ) ) ;
#1498 = CARTESIAN_POINT ( 'NONE',  ( 88.22724738650423149, -11.57068082362252781, -39.69113722039458025 ) ) ;
#1499 = EDGE_CURVE ( 'NONE', #1279, #781, #1484, .T. ) ;
#1500 = ORIENTED_EDGE ( 'NONE', *, *, #1259, .T. ) ;
#1501 = EDGE_CURVE ( 'NONE', #614, #1854, #846, .T. ) ;
#1502 = DIRECTION ( 'NONE',  ( 0.000000000000000000, 0.000000000000000000, -1.000000000000000000 ) ) ;
#1503 = CARTESIAN_POINT ( 'NONE',  ( -88.00000000000002842, 12.49999999999998757, -50.00000000000000000 ) ) ;
#1504 = ORIENTED_EDGE ( 'NONE', *, *, #704, .F. ) ;
#1505 = LINE ( 'NONE', #641, #155 ) ;
#1506 = LINE ( 'NONE', #1533, #1202 ) ;
#1507 = ADVANCED_FACE ( 'NONE', ( #2167 ), #340, .F. ) ;
#1508 = ORIENTED_EDGE ( 'NONE', *, *, #1447, .F. ) ;
#1509 = CARTESIAN_POINT ( 'NONE',  ( 90.00000000000002842, -12.50000000000001421, 50.00000000000000000 ) ) ;
#1510 = AXIS2_PLACEMENT_3D ( 'NONE', #795, #240, #440 ) ;
#1511 = ORIENTED_EDGE ( 'NONE', *, *, #344, .F. ) ;
#1512 = ORIENTED_EDGE ( 'NONE', *, *, #1359, .T. ) ;
#1513 = AXIS2_PLACEMENT_3D ( 'NONE', #1169, #436, #2256 ) ;
#1514 = LINE ( 'NONE', #465, #1291 ) ;
#1515 = LINE ( 'NONE', #990, #853 ) ;
#1516 = LINE ( 'NONE', #954, #1265 ) ;
#1517 = VERTEX_POINT ( 'NONE', #1411 ) ;
#1518 = CARTESIAN_POINT ( 'NONE',  ( 90.86256395138472897, -10.68700877011730022, -39.99327426793971796 ) ) ;
#1519 = DIRECTION ( 'NONE',  ( -0.000000000000000000, -0.000000000000000000, 1.000000000000000000 ) ) ;
#1520 = ORIENTED_EDGE ( 'NONE', *, *, #616, .T. ) ;
#1521 = DIRECTION ( 'NONE',  ( -0.000000000000000000, -0.000000000000000000, 1.000000000000000000 ) ) ;
#1522 = ADVANCED_FACE ( 'NONE', ( #865 ), #1958, .F. ) ;
#1523 = EDGE_CURVE ( 'NONE', #950, #2338, #405, .T. ) ;
#1524 = AXIS2_PLACEMENT_3D ( 'NONE', #47, #830, #1163 ) ;
#1525 = VERTEX_POINT ( 'NONE', #106 ) ;
#1526 = CARTESIAN_POINT ( 'NONE',  ( -47.50000000000000000, -1.387778780781445676E-14, -40.00000000000000711 ) ) ;
#1527 = DIRECTION ( 'NONE',  ( -1.000000000000000000, 0.000000000000000000, 0.000000000000000000 ) ) ;
#1528 = CARTESIAN_POINT ( 'NONE',  ( 88.83088674096686077, 10.86762223203970379, 39.96803017099329480 ) ) ;
#1529 = AXIS2_PLACEMENT_3D ( 'NONE', #842, #2084, #2274 ) ;
#1530 = CIRCLE ( 'NONE', #1837, 5.000000000000000000 ) ;
#1531 = VERTEX_POINT ( 'NONE', #1606 ) ;
#1532 = CARTESIAN_POINT ( 'NONE',  ( 91.69084895540350999, 11.42885478592337378, 39.77300066546956003 ) ) ;
#1533 = CARTESIAN_POINT ( 'NONE',  ( -90.00000000000002842, -17.50000000000003908, 35.00000000000001421 ) ) ;
#1534 = ADVANCED_FACE ( 'NONE', ( #656 ), #1218, .F. ) ;
#1535 = ORIENTED_EDGE ( 'NONE', *, *, #2021, .F. ) ;
#1536 = CARTESIAN_POINT ( 'NONE',  ( -90.00000000000002842, 17.49999999999999289, 35.00000000000001421 ) ) ;
#1537 = EDGE_CURVE ( 'NONE', #1975, #493, #1424, .T. ) ;
#1538 = ORIENTED_EDGE ( 'NONE', *, *, #1024, .T. ) ;
#1539 = VECTOR ( 'NONE', #2161, 1000.000000000000000 ) ;
#1540 = DIRECTION ( 'NONE',  ( 0.000000000000000000, 1.000000000000000000, 0.000000000000000000 ) ) ;
#1541 = EDGE_CURVE ( 'NONE', #1412, #1824, #1345, .T. ) ;
#1542 = DIRECTION ( 'NONE',  ( -0.000000000000000000, -0.000000000000000000, -1.000000000000000000 ) ) ;
#1543 = CARTESIAN_POINT ( 'NONE',  ( -50.00000000000000000, -1.387778780781445676E-14, 50.00000000000000000 ) ) ;
#1544 = ORIENTED_EDGE ( 'NONE', *, *, #2001, .F. ) ;
#1545 = CARTESIAN_POINT ( 'NONE',  ( 91.96795220123188130, 12.13192949442079893, 39.16976082204691068 ) ) ;
#1546 = LINE ( 'NONE', #1870, #1319 ) ;
#1547 = EDGE_LOOP ( 'NONE', ( #1452, #851, #2295, #1580 ) ) ;
#1548 = CARTESIAN_POINT ( 'NONE',  ( 99.99999999999998579, 17.50000000000001066, 50.00000000000000000 ) ) ;
#1549 = VERTEX_POINT ( 'NONE', #1030 ) ;
#1550 = LINE ( 'NONE', #975, #327 ) ;
#1551 = VECTOR ( 'NONE', #277, 1000.000000000000000 ) ;
#1552 = PRESENTATION_LAYER_ASSIGNMENT (  '', '', ( #1241 ) ) ;
#1553 = FACE_OUTER_BOUND ( 'NONE', #1330, .T. ) ;
#1554 = CARTESIAN_POINT ( 'NONE',  ( -88.00000000000002842, -12.50000000000001421, -50.00000000000000000 ) ) ;
#1555 = ADVANCED_FACE ( 'NONE', ( #152 ), #888, .F. ) ;
#1556 = CARTESIAN_POINT ( 'NONE',  ( 92.00000000000008527, 12.50000000000002132, 38.17925096310136013 ) ) ;
#1557 = DIRECTION ( 'NONE',  ( 1.000000000000000000, 0.000000000000000000, 0.000000000000000000 ) ) ;
#1558 = VERTEX_POINT ( 'NONE', #2117 ) ;
#1559 = CARTESIAN_POINT ( 'NONE',  ( -89.13743604861529946, -10.68700877011730732, -39.99327426793971796 ) ) ;
#1560 = ORIENTED_EDGE ( 'NONE', *, *, #864, .T. ) ;
#1561 = DIRECTION ( 'NONE',  ( -0.000000000000000000, -0.000000000000000000, 1.000000000000000000 ) ) ;
#1562 = CIRCLE ( 'NONE', #299, 2.000000000000001776 ) ;
#1563 = CYLINDRICAL_SURFACE ( 'NONE', #680, 2.000000000000001776 ) ;
#1564 = DIRECTION ( 'NONE',  ( -1.000000000000000000, -0.000000000000000000, -0.000000000000000000 ) ) ;
#1565 = DIRECTION ( 'NONE',  ( 0.000000000000000000, 0.000000000000000000, 1.000000000000000000 ) ) ;
#1566 = CARTESIAN_POINT ( 'NONE',  ( 90.00000000000001421, -17.50000000000001776, 35.00000000000001421 ) ) ;
#1567 = VECTOR ( 'NONE', #1608, 1000.000000000000000 ) ;
#1568 = ORIENTED_EDGE ( 'NONE', *, *, #427, .F. ) ;
#1569 = DIRECTION ( 'NONE',  ( 0.000000000000000000, 0.000000000000000000, 1.000000000000000000 ) ) ;
#1570 = EDGE_CURVE ( 'NONE', #778, #1412, #1761, .T. ) ;
#1571 = CARTESIAN_POINT ( 'NONE',  ( -92.00000000000002842, -12.50000000000001066, -38.00000000000001421 ) ) ;
#1572 = ORIENTED_EDGE ( 'NONE', *, *, #1072, .F. ) ;
#1573 = CARTESIAN_POINT ( 'NONE',  ( 90.00000000000001421, 14.49999999999998401, 35.00000000000001421 ) ) ;
#1574 = AXIS2_PLACEMENT_3D ( 'NONE', #1935, #649, #1391 ) ;
#1575 = EDGE_CURVE ( 'NONE', #313, #2082, #619, .T. ) ;
#1576 = CARTESIAN_POINT ( 'NONE',  ( 89.64556795861125238, 10.52369353527502049, -40.00040225129954763 ) ) ;
#1577 = CARTESIAN_POINT ( 'NONE',  ( -88.00287376588583754, -12.38310850526603346, 38.69670505898090340 ) ) ;
#1578 = DIRECTION ( 'NONE',  ( 0.000000000000000000, 0.000000000000000000, -1.000000000000000000 ) ) ;
#1579 =( LENGTH_UNIT ( ) NAMED_UNIT ( * ) SI_UNIT ( .MILLI., .METRE. ) );
#1580 = ORIENTED_EDGE ( 'NONE', *, *, #1155, .F. ) ;
#1581 = CARTESIAN_POINT ( 'NONE',  ( -100.0000000000000142, 12.50000000000001243, 38.00000000000000000 ) ) ;
#1582 = EDGE_CURVE ( 'NONE', #520, #599, #2158, .T. ) ;
#1583 = CARTESIAN_POINT ( 'NONE',  ( -91.55226900220512221, -11.22697590525741340, -39.86774508395605920 ) ) ;
#1584 = ORIENTED_EDGE ( 'NONE', *, *, #1309, .T. ) ;
#1585 = FACE_OUTER_BOUND ( 'NONE', #1692, .T. ) ;
#1586 = CARTESIAN_POINT ( 'NONE',  ( 88.05378997414044306, 12.02117242680753151, -39.31004624058196129 ) ) ;
#1587 = ORIENTED_EDGE ( 'NONE', *, *, #1852, .F. ) ;
#1588 = LINE ( 'NONE', #2298, #40 ) ;
#1589 = CARTESIAN_POINT ( 'NONE',  ( -100.0000000000000142, 12.50000000000001243, 40.00000000000000000 ) ) ;
#1590 = ORIENTED_EDGE ( 'NONE', *, *, #384, .T. ) ;
#1591 = CARTESIAN_POINT ( 'NONE',  ( -91.94621002585957115, -12.02117242680754039, 39.31004624058193286 ) ) ;
#1592 = CARTESIAN_POINT ( 'NONE',  ( -91.96837075703490427, -12.13442384046336286, -39.16604601977662270 ) ) ;
#1593 = ORIENTED_EDGE ( 'NONE', *, *, #78, .F. ) ;
#1594 = EDGE_CURVE ( 'NONE', #1803, #1690, #383, .T. ) ;
#1595 = LINE ( 'NONE', #890, #994 ) ;
#1596 = EDGE_CURVE ( 'NONE', #1939, #781, #233, .T. ) ;
#1597 = CARTESIAN_POINT ( 'NONE',  ( 90.00000000000004263, 10.49999999999999112, -40.00000000000001421 ) ) ;
#1598 = EDGE_LOOP ( 'NONE', ( #103, #460, #1116, #838 ) ) ;
#1599 = LINE ( 'NONE', #833, #1099 ) ;
#1600 = CIRCLE ( 'NONE', #1482, 2.000000000000001776 ) ;
#1601 = DIRECTION ( 'NONE',  ( -1.000000000000000000, 0.000000000000000000, 0.000000000000000000 ) ) ;
#1602 = SURFACE_SIDE_STYLE ('',( #492 ) ) ;
#1603 = ORIENTED_EDGE ( 'NONE', *, *, #1862, .F. ) ;
#1604 = CARTESIAN_POINT ( 'NONE',  ( -91.86754412510084933, -11.77247800692556723, 39.55273514368458621 ) ) ;
#1605 = AXIS2_PLACEMENT_3D ( 'NONE', #1032, #1960, #1401 ) ;
#1606 = CARTESIAN_POINT ( 'NONE',  ( 88.00000000000002842, 12.50000000000001243, 35.00000000000001421 ) ) ;
#1607 = ORIENTED_EDGE ( 'NONE', *, *, #1596, .T. ) ;
#1608 = DIRECTION ( 'NONE',  ( 0.000000000000000000, 0.000000000000000000, -1.000000000000000000 ) ) ;
#1609 = CIRCLE ( 'NONE', #1033, 2.500000000000002220 ) ;
#1610 = ADVANCED_FACE ( 'NONE', ( #1685 ), #2232, .F. ) ;
#1611 = CARTESIAN_POINT ( 'NONE',  ( -91.96837075703491848, 12.13442384046336819, 39.16604601977661559 ) ) ;
#1612 = ORIENTED_EDGE ( 'NONE', *, *, #965, .T. ) ;
#1613 = LINE ( 'NONE', #2111, #1038 ) ;
#1614 = EDGE_CURVE ( 'NONE', #1549, #2229, #292, .T. ) ;
#1615 = AXIS2_PLACEMENT_3D ( 'NONE', #1005, #1190, #1925 ) ;
#1616 = LINE ( 'NONE', #2350, #2231 ) ;
#1617 = ORIENTED_EDGE ( 'NONE', *, *, #171, .T. ) ;
#1618 = CARTESIAN_POINT ( 'NONE',  ( -52.50000000000000711, -1.357162610802761731E-14, -50.00000000000000000 ) ) ;
#1619 = CARTESIAN_POINT ( 'NONE',  ( -100.0000000000000142, 10.50000000000001243, 38.00000000000000000 ) ) ;
#1620 = ORIENTED_EDGE ( 'NONE', *, *, #515, .T. ) ;
#1621 = CARTESIAN_POINT ( 'NONE',  ( -90.00000000000002842, -12.50000000000001421, -50.00000000000000000 ) ) ;
#1622 = LINE ( 'NONE', #2357, #1712 ) ;
#1623 = ORIENTED_EDGE ( 'NONE', *, *, #1981, .T. ) ;
#1624 = CARTESIAN_POINT ( 'NONE',  ( -88.22724738650423149, -11.57068082362253669, 39.69113722039455183 ) ) ;
#1625 = EDGE_CURVE ( 'NONE', #1384, #563, #1706, .T. ) ;
#1626 = CARTESIAN_POINT ( 'NONE',  ( -88.00000000000002842, -12.50000000000001066, -50.00000000000000000 ) ) ;
#1627 = VECTOR ( 'NONE', #1159, 1000.000000000000000 ) ;
#1628 = ORIENTED_EDGE ( 'NONE', *, *, #448, .F. ) ;
#1629 = CARTESIAN_POINT ( 'NONE',  ( -100.0000000000000142, 12.50000000000001243, 40.00000000000000000 ) ) ;
#1630 = CARTESIAN_POINT ( 'NONE',  ( -90.00000000000002842, 12.49999999999998757, -50.00000000000000000 ) ) ;
#1631 = VERTEX_POINT ( 'NONE', #592 ) ;
#1632 = LINE ( 'NONE', #683, #35 ) ;
#1633 = CIRCLE ( 'NONE', #2098, 2.500000000000002220 ) ;
#1634 = CARTESIAN_POINT ( 'NONE',  ( -100.0000000000000142, -10.50000000000001066, -38.00000000000000711 ) ) ;
#1635 = ORIENTED_EDGE ( 'NONE', *, *, #204, .T. ) ;
#1636 = CARTESIAN_POINT ( 'NONE',  ( 90.00000000000002842, 12.49999999999998757, -50.00000000000000000 ) ) ;
#1637 = CARTESIAN_POINT ( 'NONE',  ( 88.00000000000002842, 12.49999999999998757, 50.00000000000000000 ) ) ;
#1638 = AXIS2_PLACEMENT_3D ( 'NONE', #2276, #2072, #2085 ) ;
#1639 = ORIENTED_EDGE ( 'NONE', *, *, #100, .F. ) ;
#1640 = CARTESIAN_POINT ( 'NONE',  ( 89.13743604861531367, -10.68700877011730022, 39.99327426793971796 ) ) ;
#1641 = FACE_BOUND ( 'NONE', #862, .T. ) ;
#1642 = UNCERTAINTY_MEASURE_WITH_UNIT (LENGTH_MEASURE( 1.000000000000000082E-05 ), #1579, 'distance_accuracy_value', 'NONE');
#1643 = ORIENTED_EDGE ( 'NONE', *, *, #690, .F. ) ;
#1644 = LINE ( 'NONE', #1691, #349 ) ;
#1645 = CIRCLE ( 'NONE', #1719, 2.000000000000001776 ) ;
#1646 = AXIS2_PLACEMENT_3D ( 'NONE', #1230, #1783, #707 ) ;
#1647 = CARTESIAN_POINT ( 'NONE',  ( 89.13652480912924148, -10.68729660878321219, -39.99329095712794668 ) ) ;
#1648 = CARTESIAN_POINT ( 'NONE',  ( -91.30766551101642392, 10.97697398896137599, -39.94655547315339561 ) ) ;
#1649 = CARTESIAN_POINT ( 'NONE',  ( -88.13245587489920752, 11.77247800692556012, 39.55273514368460042 ) ) ;
#1650 = CARTESIAN_POINT ( 'NONE',  ( 99.99999999999998579, -17.49999999999998934, -50.00000000000000000 ) ) ;
#1651 = AXIS2_PLACEMENT_3D ( 'NONE', #101, #836, #1565 ) ;
#1652 = VECTOR ( 'NONE', #1982, 1000.000000000000000 ) ;
#1653 = ORIENTED_EDGE ( 'NONE', *, *, #517, .F. ) ;
#1654 = CARTESIAN_POINT ( 'NONE',  ( 90.00000000000001421, -17.50000000000001776, -35.00000000000000000 ) ) ;
#1655 = DIRECTION ( 'NONE',  ( -1.000000000000000000, -0.000000000000000000, -0.000000000000000000 ) ) ;
#1656 = ORIENTED_EDGE ( 'NONE', *, *, #448, .T. ) ;
#1657 = DIRECTION ( 'NONE',  ( 1.000000000000000000, 0.000000000000000000, 0.000000000000000000 ) ) ;
#1658 = ADVANCED_FACE ( 'NONE', ( #603 ), #1122, .F. ) ;
#1659 = CYLINDRICAL_SURFACE ( 'NONE', #2107, 2.000000000000001776 ) ;
#1660 = ORIENTED_EDGE ( 'NONE', *, *, #1146, .F. ) ;
#1661 = PLANE ( 'NONE',  #335 ) ;
#1662 = CARTESIAN_POINT ( 'NONE',  ( -88.13489584821725487, 11.77426482610599479, -39.54378927764761187 ) ) ;
#1663 = VERTEX_POINT ( 'NONE', #1867 ) ;
#1664 = CARTESIAN_POINT ( 'NONE',  ( 88.30915104459654685, -11.42885478592338089, 39.77300066546956714 ) ) ;
#1665 = DIRECTION ( 'NONE',  ( 1.000000000000000000, 0.000000000000000000, 0.000000000000000000 ) ) ;
#1666 = AXIS2_PLACEMENT_3D ( 'NONE', #2104, #1916, #270 ) ;
#1667 = EDGE_LOOP ( 'NONE', ( #999, #1147, #801, #706, #60, #1428, #773, #2248, #191, #943, #2345, #1572 ) ) ;
#1668 = DIRECTION ( 'NONE',  ( 1.000000000000000000, -0.000000000000000000, 0.000000000000000000 ) ) ;
#1669 = CARTESIAN_POINT ( 'NONE',  ( 91.86510415178280198, 11.77426482610599656, -39.54378927764761187 ) ) ;
#1670 = CIRCLE ( 'NONE', #2287, 2.000000000000001776 ) ;
#1671 = ORIENTED_EDGE ( 'NONE', *, *, #835, .F. ) ;
#1672 = DIRECTION ( 'NONE',  ( 0.000000000000000000, -0.000000000000000000, 1.000000000000000000 ) ) ;
#1673 = CARTESIAN_POINT ( 'NONE',  ( -88.00000000000002842, 12.50000000000001243, -35.00000000000000711 ) ) ;
#1674 = EDGE_LOOP ( 'NONE', ( #1184, #1054, #1443, #2234 ) ) ;
#1675 = CARTESIAN_POINT ( 'NONE',  ( 50.00000000000000000, -1.387778780781445676E-14, -40.00000000000000711 ) ) ;
#1676 = PLANE ( 'NONE',  #1394 ) ;
#1677 = VERTEX_POINT ( 'NONE', #64 ) ;
#1678 = DIRECTION ( 'NONE',  ( 0.000000000000000000, -0.000000000000000000, -1.000000000000000000 ) ) ;
#1679 = CARTESIAN_POINT ( 'NONE',  ( 90.86347519087080116, 10.68729660878319088, -39.99329095712796089 ) ) ;
#1680 = ORIENTED_EDGE ( 'NONE', *, *, #1447, .T. ) ;
#1681 = VECTOR ( 'NONE', #486, 1000.000000000000000 ) ;
#1682 = EDGE_CURVE ( 'NONE', #2202, #272, #1695, .T. ) ;
#1683 = CARTESIAN_POINT ( 'NONE',  ( 88.19262594037139991, 11.64052106005680898, 39.64506774705406400 ) ) ;
#1684 = EDGE_CURVE ( 'NONE', #804, #1710, #1478, .T. ) ;
#1685 = FACE_OUTER_BOUND ( 'NONE', #2088, .T. ) ;
#1686 = ORIENTED_EDGE ( 'NONE', *, *, #285, .T. ) ;
#1687 = DIRECTION ( 'NONE',  ( 1.000000000000000000, 0.000000000000000000, -0.000000000000000000 ) ) ;
#1688 = DIRECTION ( 'NONE',  ( 1.000000000000000000, 0.000000000000000000, 0.000000000000000000 ) ) ;
#1689 = VECTOR ( 'NONE', #1100, 1000.000000000000000 ) ;
#1690 = VERTEX_POINT ( 'NONE', #1673 ) ;
#1691 = CARTESIAN_POINT ( 'NONE',  ( 99.99999999999998579, -12.50000000000001066, 38.00000000000000000 ) ) ;
#1692 = EDGE_LOOP ( 'NONE', ( #127, #1292, #855, #1707 ) ) ;
#1693 = DIRECTION ( 'NONE',  ( 0.000000000000000000, -1.000000000000000000, -0.000000000000000000 ) ) ;
#1694 = DIRECTION ( 'NONE',  ( 1.000000000000000000, 0.000000000000000000, 0.000000000000000000 ) ) ;
#1695 = LINE ( 'NONE', #1132, #2037 ) ;
#1696 = EDGE_CURVE ( 'NONE', #599, #1750, #1466, .T. ) ;
#1697 = EDGE_LOOP ( 'NONE', ( #496, #1094, #889, #939, #2271, #2181, #1031, #1827, #524, #1897, #866, #871 ) ) ;
#1698 = CARTESIAN_POINT ( 'NONE',  ( 90.17882500265140777, -10.50000000000001954, -40.00000000000000000 ) ) ;
#1699 = DIRECTION ( 'NONE',  ( 1.000000000000000000, 0.000000000000000000, 0.000000000000000000 ) ) ;
#1700 = EDGE_LOOP ( 'NONE', ( #1376, #1724, #377, #131, #1880, #637, #1653, #755, #1776, #1242, #199, #1903 ) ) ;
#1701 = CARTESIAN_POINT ( 'NONE',  ( 99.99999999999998579, -10.50000000000001066, 40.00000000000000000 ) ) ;
#1702 = VERTEX_POINT ( 'NONE', #787 ) ;
#1703 = CARTESIAN_POINT ( 'NONE',  ( 90.00000000000001421, 14.49999999999998401, -35.00000000000000000 ) ) ;
#1704 = CARTESIAN_POINT ( 'NONE',  ( -100.0000000000000142, -10.50000000000001066, -38.00000000000000711 ) ) ;
#1705 = DIRECTION ( 'NONE',  ( 0.000000000000000000, 0.000000000000000000, 1.000000000000000000 ) ) ;
#1706 = LINE ( 'NONE', #2058, #82 ) ;
#1707 = ORIENTED_EDGE ( 'NONE', *, *, #1729, .F. ) ;
#1708 = CARTESIAN_POINT ( 'NONE',  ( 91.30766551101638129, -10.97697398896139198, -39.94655547315336719 ) ) ;
#1709 = LINE ( 'NONE', #2061, #331 ) ;
#1710 = VERTEX_POINT ( 'NONE', #1287 ) ;
#1711 = CARTESIAN_POINT ( 'NONE',  ( 92.00000000000002842, -12.50000000000001421, 50.00000000000000000 ) ) ;
#1712 = VECTOR ( 'NONE', #672, 1000.000000000000000 ) ;
#1713 = EDGE_CURVE ( 'NONE', #450, #2307, #1516, .T. ) ;
#1714 = CIRCLE ( 'NONE', #834, 2.000000000000001776 ) ;
#1715 = ORIENTED_EDGE ( 'NONE', *, *, #1594, .T. ) ;
#1716 = DIRECTION ( 'NONE',  ( 1.000000000000000000, 0.000000000000000000, 0.000000000000000000 ) ) ;
#1717 = DIRECTION ( 'NONE',  ( 1.214306433183764720E-16, -1.000000000000000000, 0.000000000000000000 ) ) ;
#1718 = CARTESIAN_POINT ( 'NONE',  ( 88.05349994591797724, 12.02281760682062561, 39.30789391775514474 ) ) ;
#1719 = AXIS2_PLACEMENT_3D ( 'NONE', #947, #1678, #2054 ) ;
#1720 = AXIS2_PLACEMENT_3D ( 'NONE', #351, #1080, #116 ) ;
#1721 = ORIENTED_EDGE ( 'NONE', *, *, #864, .F. ) ;
#1722 = CARTESIAN_POINT ( 'NONE',  ( 92.00000000000004263, 12.50000000000001243, 38.00000000000000000 ) ) ;
#1723 = DIRECTION ( 'NONE',  ( -0.000000000000000000, -0.000000000000000000, 1.000000000000000000 ) ) ;
#1724 = ORIENTED_EDGE ( 'NONE', *, *, #1924, .F. ) ;
#1725 = CARTESIAN_POINT ( 'NONE',  ( -100.0000000000000142, -12.50000000000001066, 40.00000000000000000 ) ) ;
#1726 = CIRCLE ( 'NONE', #117, 2.500000000000002220 ) ;
#1727 = ORIENTED_EDGE ( 'NONE', *, *, #997, .T. ) ;
#1728 = AXIS2_PLACEMENT_3D ( 'NONE', #1619, #1387, #2353 ) ;
#1729 = EDGE_CURVE ( 'NONE', #333, #1016, #231, .T. ) ;
#1730 = PLANE ( 'NONE',  #748 ) ;
#1731 = EDGE_CURVE ( 'NONE', #1069, #1549, #776, .T. ) ;
#1732 = FACE_OUTER_BOUND ( 'NONE', #959, .T. ) ;
#1733 = EDGE_CURVE ( 'NONE', #1344, #30, #1847, .T. ) ;
#1734 = DIRECTION ( 'NONE',  ( 1.000000000000000000, 0.000000000000000000, 0.000000000000000000 ) ) ;
#1735 = CARTESIAN_POINT ( 'NONE',  ( 91.99708829693932444, 12.38231007120186966, 38.69909643529523180 ) ) ;
#1736 = CARTESIAN_POINT ( 'NONE',  ( -88.00000000000002842, 12.50000000000001243, 35.00000000000001421 ) ) ;
#1737 = ORIENTED_EDGE ( 'NONE', *, *, #1226, .T. ) ;
#1738 = DIRECTION ( 'NONE',  ( -0.000000000000000000, -0.000000000000000000, 1.000000000000000000 ) ) ;
#1739 = EDGE_LOOP ( 'NONE', ( #1416, #350, #1435, #687, #2023, #49, #1868, #631 ) ) ;
#1740 = LINE ( 'NONE', #2119, #282 ) ;
#1741 = CIRCLE ( 'NONE', #591, 2.500000000000002220 ) ;
#1742 = CARTESIAN_POINT ( 'NONE',  ( -100.0000000000000142, -12.50000000000001066, 40.00000000000000000 ) ) ;
#1743 = DIRECTION ( 'NONE',  ( -1.000000000000000000, -1.214306433183764966E-16, 0.000000000000000000 ) ) ;
#1744 = FACE_OUTER_BOUND ( 'NONE', #588, .T. ) ;
#1745 = CARTESIAN_POINT ( 'NONE',  ( 88.00000000000002842, -12.50000000000001421, 50.00000000000000000 ) ) ;
#1746 = EDGE_LOOP ( 'NONE', ( #1262, #218, #682, #1520 ) ) ;
#1747 = CARTESIAN_POINT ( 'NONE',  ( -89.30356537317845778, -10.61681436787538324, -39.99712917811440605 ) ) ;
#1748 = ADVANCED_FACE ( 'NONE', ( #1641, #2004, #1494, #1313 ), #2224, .F. ) ;
#1749 = CARTESIAN_POINT ( 'NONE',  ( -88.00000000000005684, 12.50000000000001599, 38.17925096310133881 ) ) ;
#1750 = VERTEX_POINT ( 'NONE', #1125 ) ;
#1751 = LINE ( 'NONE', #1921, #1551 ) ;
#1752 = CARTESIAN_POINT ( 'NONE',  ( -90.17903312807634109, 10.49999999999998934, 39.99999999999999289 ) ) ;
#1753 = CARTESIAN_POINT ( 'NONE',  ( -100.0000000000000142, -10.50000000000001066, 40.00000000000000000 ) ) ;
#1754 = ADVANCED_FACE ( 'NONE', ( #376 ), #745, .F. ) ;
#1755 = LINE ( 'NONE', #311, #774 ) ;
#1756 = VECTOR ( 'NONE', #1716, 1000.000000000000000 ) ;
#1757 = CARTESIAN_POINT ( 'NONE',  ( 90.00000000000002842, 12.49999999999998757, -35.00000000000000000 ) ) ;
#1758 = VECTOR ( 'NONE', #1521, 1000.000000000000000 ) ;
#1759 = ORIENTED_EDGE ( 'NONE', *, *, #1089, .F. ) ;
#1760 = LINE ( 'NONE', #1067, #2263 ) ;
#1761 = LINE ( 'NONE', #119, #961 ) ;
#1762 = ORIENTED_EDGE ( 'NONE', *, *, #13, .T. ) ;
#1763 = CARTESIAN_POINT ( 'NONE',  ( -92.00000000000002842, 12.49999999999998757, 50.00000000000000000 ) ) ;
#1764 = AXIS2_PLACEMENT_3D ( 'NONE', #847, #491, #1090 ) ;
#1765 = DIRECTION ( 'NONE',  ( 0.000000000000000000, 0.000000000000000000, 1.000000000000000000 ) ) ;
#1766 = ORIENTED_EDGE ( 'NONE', *, *, #951, .F. ) ;
#1767 = FACE_BOUND ( 'NONE', #1422, .T. ) ;
#1768 = DIRECTION ( 'NONE',  ( -1.000000000000000000, 0.000000000000000000, 0.000000000000000000 ) ) ;
#1769 = CARTESIAN_POINT ( 'NONE',  ( -92.00000000000001421, -12.50000000000001066, 38.00000000000000000 ) ) ;
#1770 = ORIENTED_EDGE ( 'NONE', *, *, #2066, .F. ) ;
#1771 = CARTESIAN_POINT ( 'NONE',  ( -100.0000000000000142, 10.50000000000001243, -38.00000000000001421 ) ) ;
#1772 = CARTESIAN_POINT ( 'NONE',  ( -91.80737405962865694, -11.64052106005680542, -39.64506774705405689 ) ) ;
#1773 = ORIENTED_EDGE ( 'NONE', *, *, #1146, .T. ) ;
#1774 = LINE ( 'NONE', #699, #2371 ) ;
#1775 = CARTESIAN_POINT ( 'NONE',  ( 88.13245587489920752, 11.77247800692554769, -39.55273514368461463 ) ) ;
#1776 = ORIENTED_EDGE ( 'NONE', *, *, #1816, .T. ) ;
#1777 = CIRCLE ( 'NONE', #1200, 2.500000000000002220 ) ;
#1778 = LINE ( 'NONE', #2146, #1322 ) ;
#1779 = AXIS2_PLACEMENT_3D ( 'NONE', #2212, #769, #757 ) ;
#1780 = LINE ( 'NONE', #136, #2269 ) ;
#1781 = ADVANCED_FACE ( 'NONE', ( #1833 ), #188, .F. ) ;
#1782 = ORIENTED_EDGE ( 'NONE', *, *, #2316, .T. ) ;
#1783 = DIRECTION ( 'NONE',  ( -0.000000000000000000, -0.000000000000000000, 1.000000000000000000 ) ) ;
#1784 = CARTESIAN_POINT ( 'NONE',  ( -90.69804058466557706, -10.61732844864596181, -39.99710597250148680 ) ) ;
#1785 = ORIENTED_EDGE ( 'NONE', *, *, #1402, .F. ) ;
#1786 = CARTESIAN_POINT ( 'NONE',  ( -47.50000000000000000, -1.387778780781445676E-14, 39.99999999999999289 ) ) ;
#1787 = EDGE_CURVE ( 'NONE', #2013, #368, #1823, .T. ) ;
#1788 = B_SPLINE_CURVE_WITH_KNOTS ( 'NONE', 3,
 ( #915, #1853, #367, #1995, #1473, #2031, #357, #772, #24, #391, #1498, #535, #167, #1486, #1261, #1647, #1086, #761, #579, #2366 ),
 .UNSPECIFIED., .F., .F.,
 ( 4, 2, 2, 2, 2, 2, 2, 2, 2, 4 ),
 ( 7.152448122690996019E-18, 0.0005298362431277631483, 0.001059672486255519141, 0.001589508729383275242, 0.001854426850947153184, 0.002119344972511030909, 0.002649181215638819319, 0.003179017458766607296, 0.003708853701894395272, 0.004238689945022183249 ),
 .UNSPECIFIED. ) ;
#1789 = LINE ( 'NONE', #1074, #105 ) ;
#1790 = ORIENTED_EDGE ( 'NONE', *, *, #2204, .F. ) ;
#1791 = CARTESIAN_POINT ( 'NONE',  ( 90.00000000000002842, 12.49999999999998757, -50.00000000000000000 ) ) ;
#1792 = VECTOR ( 'NONE', #892, 1000.000000000000000 ) ;
#1793 = CARTESIAN_POINT ( 'NONE',  ( 99.99999999999998579, 17.50000000000001066, 50.00000000000000000 ) ) ;
#1794 = ORIENTED_EDGE ( 'NONE', *, *, #1949, .T. ) ;
#1795 = CYLINDRICAL_SURFACE ( 'NONE', #1221, 2.000000000000001776 ) ;
#1796 = CIRCLE ( 'NONE', #766, 5.000000000000000000 ) ;
#1797 = DIRECTION ( 'NONE',  ( 0.000000000000000000, 0.000000000000000000, 1.000000000000000000 ) ) ;
#1798 = EDGE_CURVE ( 'NONE', #1677, #1496, #1082, .T. ) ;
#1799 = VERTEX_POINT ( 'NONE', #164 ) ;
#1800 = DIRECTION ( 'NONE',  ( 1.000000000000000000, 0.000000000000000000, 0.000000000000000000 ) ) ;
#1801 = EDGE_CURVE ( 'NONE', #798, #1027, #900, .T. ) ;
#1802 = CARTESIAN_POINT ( 'NONE',  ( -100.0000000000000142, 12.50000000000001243, -38.00000000000001421 ) ) ;
#1803 = VERTEX_POINT ( 'NONE', #923 ) ;
#1804 = CARTESIAN_POINT ( 'NONE',  ( -88.18960311467762381, 11.63527336335203977, 39.65419608354519454 ) ) ;
#1805 = AXIS2_PLACEMENT_3D ( 'NONE', #2113, #1687, #1325 ) ;
#1806 = CARTESIAN_POINT ( 'NONE',  ( -92.00000000000002842, 12.50000000000001243, -38.00000000000001421 ) ) ;
#1807 = CIRCLE ( 'NONE', #1085, 2.500000000000002220 ) ;
#1808 = ORIENTED_EDGE ( 'NONE', *, *, #2316, .F. ) ;
#1809 = DIRECTION ( 'NONE',  ( -1.000000000000000000, -1.156482317317871232E-16, -0.000000000000000000 ) ) ;
#1810 = DIRECTION ( 'NONE',  ( 1.000000000000000000, 0.000000000000000000, -0.000000000000000000 ) ) ;
#1811 = ORIENTED_EDGE ( 'NONE', *, *, #1541, .F. ) ;
#1812 = FACE_OUTER_BOUND ( 'NONE', #667, .T. ) ;
#1813 = CARTESIAN_POINT ( 'NONE',  ( 91.30974206670346405, 10.97858450129181485, -39.94625860064640932 ) ) ;
#1814 = ORIENTED_EDGE ( 'NONE', *, *, #1625, .F. ) ;
#1815 = CARTESIAN_POINT ( 'NONE',  ( -88.13489584821728329, -11.77426482610600011, 39.54378927764759055 ) ) ;
#1816 = EDGE_CURVE ( 'NONE', #1531, #138, #1820, .T. ) ;
#1817 = EDGE_CURVE ( 'NONE', #2095, #1799, #2187, .T. ) ;
#1818 = DIRECTION ( 'NONE',  ( 0.000000000000000000, 1.000000000000000000, 0.000000000000000000 ) ) ;
#1819 = VECTOR ( 'NONE', #1013, 1000.000000000000000 ) ;
#1820 = CIRCLE ( 'NONE', #95, 2.000000000000001776 ) ;
#1821 = VERTEX_POINT ( 'NONE', #1114 ) ;
#1822 = PLANE ( 'NONE',  #2151 ) ;
#1823 = LINE ( 'NONE', #912, #1053 ) ;
#1824 = VERTEX_POINT ( 'NONE', #1469 ) ;
#1825 = FACE_OUTER_BOUND ( 'NONE', #593, .T. ) ;
#1826 = CARTESIAN_POINT ( 'NONE',  ( 90.00000000000004263, 10.49999999999999112, -40.00000000000001421 ) ) ;
#1827 = ORIENTED_EDGE ( 'NONE', *, *, #2065, .T. ) ;
#1828 = CARTESIAN_POINT ( 'NONE',  ( -88.05349994591797724, -12.02281760682062206, 39.30789391775512343 ) ) ;
#1829 = LINE ( 'NONE', #1626, #808 ) ;
#1830 = ADVANCED_FACE ( 'NONE', ( #399 ), #562, .F. ) ;
#1831 = VERTEX_POINT ( 'NONE', #2237 ) ;
#1832 = LINE ( 'NONE', #744, #189 ) ;
#1833 = FACE_OUTER_BOUND ( 'NONE', #1547, .T. ) ;
#1834 = ORIENTED_EDGE ( 'NONE', *, *, #478, .F. ) ;
#1835 = LINE ( 'NONE', #914, #2029 ) ;
#1836 = AXIS2_PLACEMENT_3D ( 'NONE', #2329, #2140, #132 ) ;
#1837 = AXIS2_PLACEMENT_3D ( 'NONE', #2024, #2211, #387 ) ;
#1838 = CARTESIAN_POINT ( 'NONE',  ( -100.0000000000000142, 10.50000000000001243, 38.00000000000000000 ) ) ;
#1839 = CARTESIAN_POINT ( 'NONE',  ( -91.96795220123188130, 12.13192949442079893, -39.16976082204692489 ) ) ;
#1840 = ADVANCED_FACE ( 'NONE', ( #2200 ), #1290, .F. ) ;
#1841 = CARTESIAN_POINT ( 'NONE',  ( 90.00000000000004263, -10.50000000000001776, 40.00000000000000000 ) ) ;
#1842 = AXIS2_PLACEMENT_3D ( 'NONE', #295, #1025, #113 ) ;
#1843 = DIRECTION ( 'NONE',  ( 1.000000000000000000, 0.000000000000000000, -0.000000000000000000 ) ) ;
#1844 = AXIS2_PLACEMENT_3D ( 'NONE', #2133, #1976, #640 ) ;
#1845 = ORIENTED_EDGE ( 'NONE', *, *, #285, .F. ) ;
#1846 = CARTESIAN_POINT ( 'NONE',  ( 88.45634537177747347, -11.22558303961417536, 39.86515709413081510 ) ) ;
#1847 = LINE ( 'NONE', #1268, #271 ) ;
#1848 = ADVANCED_FACE ( 'NONE', ( #213, #1093, #176, #945 ), #1676, .F. ) ;
#1849 = EDGE_CURVE ( 'NONE', #2372, #313, #32, .T. ) ;
#1850 = VERTEX_POINT ( 'NONE', #1145 ) ;
#1851 = LINE ( 'NONE', #1861, #385 ) ;
#1852 = EDGE_CURVE ( 'NONE', #489, #1677, #1470, .T. ) ;
#1853 = CARTESIAN_POINT ( 'NONE',  ( 88.00000000000004263, -12.50000000000001421, -38.17911071567696268 ) ) ;
#1854 = VERTEX_POINT ( 'NONE', #1135 ) ;
#1855 = CARTESIAN_POINT ( 'NONE',  ( 91.16911325903322449, -10.86762223203973221, 39.96803017099328059 ) ) ;
#1856 = DIRECTION ( 'NONE',  ( -0.000000000000000000, -0.000000000000000000, 1.000000000000000000 ) ) ;
#1857 = ORIENTED_EDGE ( 'NONE', *, *, #1713, .T. ) ;
#1858 = CARTESIAN_POINT ( 'NONE',  ( 88.00000000000004263, -12.50000000000001066, 38.17925096310133171 ) ) ;
#1859 = DIRECTION ( 'NONE',  ( 1.000000000000000000, 0.000000000000000000, 0.000000000000000000 ) ) ;
#1860 = EDGE_LOOP ( 'NONE', ( #1300, #1075 ) ) ;
#1861 = CARTESIAN_POINT ( 'NONE',  ( 99.99999999999998579, 12.50000000000001243, -38.00000000000001421 ) ) ;
#1862 = EDGE_CURVE ( 'NONE', #341, #1269, #1506, .T. ) ;
#1863 = CARTESIAN_POINT ( 'NONE',  ( 91.96837075703491848, 12.13442384046336997, -39.16604601977662981 ) ) ;
#1864 = EDGE_CURVE ( 'NONE', #2118, #1886, #2173, .T. ) ;
#1865 = VERTEX_POINT ( 'NONE', #44 ) ;
#1866 = CARTESIAN_POINT ( 'NONE',  ( -90.00000000000002842, 12.49999999999998757, 50.00000000000000000 ) ) ;
#1867 = CARTESIAN_POINT ( 'NONE',  ( 52.50000000000000711, -1.387778780781445676E-14, 39.99999999999999289 ) ) ;
#1868 = ORIENTED_EDGE ( 'NONE', *, *, #1386, .T. ) ;
#1869 = CARTESIAN_POINT ( 'NONE',  ( 90.00000000000002842, 10.49999999999999112, 40.00000000000000000 ) ) ;
#1870 = CARTESIAN_POINT ( 'NONE',  ( 90.00000000000001421, -17.50000000000001776, 35.00000000000001421 ) ) ;
#1871 = VECTOR ( 'NONE', #114, 1000.000000000000000 ) ;
#1872 = ORIENTED_EDGE ( 'NONE', *, *, #276, .F. ) ;
#1873 = FACE_OUTER_BOUND ( 'NONE', #814, .T. ) ;
#1874 = CARTESIAN_POINT ( 'NONE',  ( -90.86256395138478581, 10.68700877011728068, -39.99327426793974638 ) ) ;
#1875 = EDGE_CURVE ( 'NONE', #798, #1344, #92, .T. ) ;
#1876 = CIRCLE ( 'NONE', #1529, 2.000000000000001776 ) ;
#1877 = DIRECTION ( 'NONE',  ( -1.000000000000000000, -0.000000000000000000, -0.000000000000000000 ) ) ;
#1878 = DIRECTION ( 'NONE',  ( 1.000000000000000000, 0.000000000000000000, 0.000000000000000000 ) ) ;
#1879 = CARTESIAN_POINT ( 'NONE',  ( -90.00000000000002842, -12.50000000000001421, -50.00000000000000000 ) ) ;
#1880 = ORIENTED_EDGE ( 'NONE', *, *, #1990, .T. ) ;
#1881 = CARTESIAN_POINT ( 'NONE',  ( 90.69643462682157065, -10.61681436787538146, -39.99712917811442026 ) ) ;
#1882 = DIRECTION ( 'NONE',  ( 0.000000000000000000, 0.000000000000000000, 1.000000000000000000 ) ) ;
#1883 = VECTOR ( 'NONE', #1743, 1000.000000000000000 ) ;
#1884 = VERTEX_POINT ( 'NONE', #1736 ) ;
#1885 = DIRECTION ( 'NONE',  ( -1.000000000000000000, -0.000000000000000000, -0.000000000000000000 ) ) ;
#1886 = VERTEX_POINT ( 'NONE', #1365 ) ;
#1887 = DIRECTION ( 'NONE',  ( 1.000000000000000000, 0.000000000000000000, 0.000000000000000000 ) ) ;
#1888 = AXIS2_PLACEMENT_3D ( 'NONE', #1320, #2086, #51 ) ;
#1889 = CARTESIAN_POINT ( 'NONE',  ( -91.69084895540350999, 11.42885478592337556, -39.77300066546957424 ) ) ;
#1890 = LINE ( 'NONE', #807, #988 ) ;
#1891 = EDGE_CURVE ( 'NONE', #1366, #1517, #170, .T. ) ;
#1892 = CARTESIAN_POINT ( 'NONE',  ( 88.44773099779494885, 11.22697590525740630, 39.86774508395605920 ) ) ;
#1893 = CARTESIAN_POINT ( 'NONE',  ( -88.69025793329664964, 10.97858450129180063, -39.94625860064640932 ) ) ;
#1894 = ORIENTED_EDGE ( 'NONE', *, *, #1418, .F. ) ;
#1895 = DIRECTION ( 'NONE',  ( -1.000000000000000000, 0.000000000000000000, 0.000000000000000000 ) ) ;
#1896 = DIRECTION ( 'NONE',  ( -1.000000000000000000, 0.000000000000000000, 0.000000000000000000 ) ) ;
#1897 = ORIENTED_EDGE ( 'NONE', *, *, #2005, .T. ) ;
#1898 = DIRECTION ( 'NONE',  ( 0.000000000000000000, 0.000000000000000000, -1.000000000000000000 ) ) ;
#1899 = ORIENTED_EDGE ( 'NONE', *, *, #78, .T. ) ;
#1900 = LINE ( 'NONE', #252, #1756 ) ;
#1901 = DIRECTION ( 'NONE',  ( 1.000000000000000000, 0.000000000000000000, 0.000000000000000000 ) ) ;
#1902 = CARTESIAN_POINT ( 'NONE',  ( 90.00000000000002842, 10.49999999999999112, 40.00000000000000000 ) ) ;
#1903 = ORIENTED_EDGE ( 'NONE', *, *, #2041, .F. ) ;
#1904 = DIRECTION ( 'NONE',  ( 0.000000000000000000, 0.000000000000000000, 1.000000000000000000 ) ) ;
#1905 = LINE ( 'NONE', #981, #447 ) ;
#1906 = EDGE_CURVE ( 'NONE', #1663, #1525, #2090, .T. ) ;
#1907 = ORIENTED_EDGE ( 'NONE', *, *, #1990, .F. ) ;
#1908 = FACE_OUTER_BOUND ( 'NONE', #1746, .T. ) ;
#1909 = VERTEX_POINT ( 'NONE', #780 ) ;
#1910 = LINE ( 'NONE', #264, #2112 ) ;
#1911 = CARTESIAN_POINT ( 'NONE',  ( -88.00000000000002842, 12.49999999999998757, 50.00000000000000000 ) ) ;
#1912 = CARTESIAN_POINT ( 'NONE',  ( -90.00000000000004263, -17.50000000000001421, -35.00000000000000000 ) ) ;
#1913 = AXIS2_PLACEMENT_3D ( 'NONE', #2365, #2156, #533 ) ;
#1914 = CARTESIAN_POINT ( 'NONE',  ( 91.99327757324805077, -12.31249992160764783, -38.86393187794446646 ) ) ;
#1915 = EDGE_CURVE ( 'NONE', #138, #25, #2268, .T. ) ;
#1916 = DIRECTION ( 'NONE',  ( 0.000000000000000000, 0.000000000000000000, 1.000000000000000000 ) ) ;
#1917 = ORIENTED_EDGE ( 'NONE', *, *, #2217, .F. ) ;
#1918 = FACE_OUTER_BOUND ( 'NONE', #1035, .T. ) ;
#1919 = EDGE_CURVE ( 'NONE', #2229, #1750, #1326, .T. ) ;
#1920 = ORIENTED_EDGE ( 'NONE', *, *, #129, .F. ) ;
#1921 = CARTESIAN_POINT ( 'NONE',  ( -88.00000000000002842, 12.50000000000001243, -50.00000000000000000 ) ) ;
#1922 = CARTESIAN_POINT ( 'NONE',  ( 88.00000000000002842, -12.50000000000001421, -50.00000000000000000 ) ) ;
#1923 = CARTESIAN_POINT ( 'NONE',  ( 99.99999999999998579, 12.50000000000001243, 40.00000000000000000 ) ) ;
#1924 = EDGE_CURVE ( 'NONE', #1257, #168, #903, .T. ) ;
#1925 = DIRECTION ( 'NONE',  ( 1.000000000000000000, 0.000000000000000000, 0.000000000000000000 ) ) ;
#1926 = CARTESIAN_POINT ( 'NONE',  ( 88.00000000000002842, 12.50000000000001243, -50.00000000000000000 ) ) ;
#1927 = EDGE_LOOP ( 'NONE', ( #1759, #2378, #1456, #1593 ) ) ;
#1928 = LINE ( 'NONE', #461, #1142 ) ;
#1929 = CARTESIAN_POINT ( 'NONE',  ( -87.99958699256085026, 12.47632755229009582, 38.35490341791749813 ) ) ;
#1930 = ORIENTED_EDGE ( 'NONE', *, *, #737, .T. ) ;
#1931 = CARTESIAN_POINT ( 'NONE',  ( 88.00000000000002842, -12.50000000000001066, -50.00000000000000000 ) ) ;
#1932 = ADVANCED_FACE ( 'NONE', ( #421 ), #2246, .F. ) ;
#1933 = VECTOR ( 'NONE', #2292, 1000.000000000000000 ) ;
#1934 = CARTESIAN_POINT ( 'NONE',  ( -5.000000000000000000, 6.123233995736766282E-16, -40.00000000000000711 ) ) ;
#1935 = CARTESIAN_POINT ( 'NONE',  ( -90.00000000000002842, -17.50000000000003908, 35.00000000000001421 ) ) ;
#1936 = CIRCLE ( 'NONE', #1474, 2.500000000000002220 ) ;
#1937 = CYLINDRICAL_SURFACE ( 'NONE', #1842, 2.000000000000001776 ) ;
#1938 = LINE ( 'NONE', #1926, #2062 ) ;
#1939 = VERTEX_POINT ( 'NONE', #2280 ) ;
#1940 = CYLINDRICAL_SURFACE ( 'NONE', #1646, 5.000000000000000000 ) ;
#1941 = CARTESIAN_POINT ( 'NONE',  ( -92.00040449378455776, -12.47636363448656738, -38.35423490242202149 ) ) ;
#1942 = ORIENTED_EDGE ( 'NONE', *, *, #1284, .F. ) ;
#1943 = CARTESIAN_POINT ( 'NONE',  ( 99.99999999999998579, 17.50000000000001066, 50.00000000000000000 ) ) ;
#1944 = EDGE_CURVE ( 'NONE', #138, #962, #1546, .T. ) ;
#1945 = AXIS2_PLACEMENT_3D ( 'NONE', #253, #1693, #475 ) ;
#1946 = CARTESIAN_POINT ( 'NONE',  ( 88.03204779876818975, 12.13192949442079360, -39.16976082204691778 ) ) ;
#1947 = EDGE_LOOP ( 'NONE', ( #1368, #1487, #1766, #2091 ) ) ;
#1948 = DIRECTION ( 'NONE',  ( -1.000000000000000000, -1.387778780781445676E-16, 0.000000000000000000 ) ) ;
#1949 = EDGE_CURVE ( 'NONE', #1079, #709, #751, .T. ) ;
#1950 = EDGE_CURVE ( 'NONE', #1854, #72, #1905, .T. ) ;
#1951 = EDGE_CURVE ( 'NONE', #783, #798, #1709, .T. ) ;
#1952 = DIRECTION ( 'NONE',  ( -1.214306433183764720E-16, 1.000000000000000000, -0.000000000000000000 ) ) ;
#1953 = AXIS2_PLACEMENT_3D ( 'NONE', #1725, #1008, #1898 ) ;
#1954 = PRESENTATION_STYLE_ASSIGNMENT (( #1215 ) ) ;
#1955 = CIRCLE ( 'NONE', #2377, 2.500000000000002220 ) ;
#1956 = ORIENTED_EDGE ( 'NONE', *, *, #827, .T. ) ;
#1957 = CARTESIAN_POINT ( 'NONE',  ( -88.00000000000002842, 12.50000000000001243, -50.00000000000000000 ) ) ;
#1958 = CYLINDRICAL_SURFACE ( 'NONE', #2078, 2.000000000000001776 ) ;
#1959 = ORIENTED_EDGE ( 'NONE', *, *, #1684, .F. ) ;
#1960 = DIRECTION ( 'NONE',  ( 0.000000000000000000, 0.000000000000000000, 1.000000000000000000 ) ) ;
#1961 = AXIS2_PLACEMENT_3D ( 'NONE', #1791, #135, #872 ) ;
#1962 = CARTESIAN_POINT ( 'NONE',  ( 92.00000000000004263, 12.50000000000001599, -38.17911071567697689 ) ) ;
#1963 = EDGE_CURVE ( 'NONE', #72, #256, #1741, .T. ) ;
#1964 = ORIENTED_EDGE ( 'NONE', *, *, #1115, .F. ) ;
#1965 = CARTESIAN_POINT ( 'NONE',  ( 52.50000000000000711, -1.387778780781445676E-14, -50.00000000000000000 ) ) ;
#1966 = LINE ( 'NONE', #323, #1081 ) ;
#1967 = DIRECTION ( 'NONE',  ( -0.000000000000000000, -0.000000000000000000, 1.000000000000000000 ) ) ;
#1968 = EDGE_CURVE ( 'NONE', #249, #77, #209, .T. ) ;
#1969 = ORIENTED_EDGE ( 'NONE', *, *, #1682, .F. ) ;
#1970 = CARTESIAN_POINT ( 'NONE',  ( -90.17882500265142198, -10.50000000000001954, 40.00000000000000000 ) ) ;
#1971 = CARTESIAN_POINT ( 'NONE',  ( -100.0000000000000142, -10.50000000000001066, 38.00000000000000000 ) ) ;
#1972 = VERTEX_POINT ( 'NONE', #1006 ) ;
#1973 = FACE_BOUND ( 'NONE', #2045, .T. ) ;
#1974 = CARTESIAN_POINT ( 'NONE',  ( 88.35524381938502358, 11.35904193482813973, -39.80757536146324327 ) ) ;
#1975 = VERTEX_POINT ( 'NONE', #224 ) ;
#1976 = DIRECTION ( 'NONE',  ( 0.000000000000000000, 0.000000000000000000, 1.000000000000000000 ) ) ;
#1977 = AXIS2_PLACEMENT_3D ( 'NONE', #2051, #933, #1665 ) ;
#1978 = DIRECTION ( 'NONE',  ( 1.000000000000000000, 0.000000000000000000, 0.000000000000000000 ) ) ;
#1979 = ORIENTED_EDGE ( 'NONE', *, *, #1321, .F. ) ;
#1980 = LINE ( 'NONE', #1581, #2227 ) ;
#1981 = EDGE_CURVE ( 'NONE', #2075, #516, #1373, .T. ) ;
#1982 = DIRECTION ( 'NONE',  ( -0.000000000000000000, -0.000000000000000000, 1.000000000000000000 ) ) ;
#1983 = ORIENTED_EDGE ( 'NONE', *, *, #704, .T. ) ;
#1984 = DIRECTION ( 'NONE',  ( -1.000000000000000000, 0.000000000000000000, -0.000000000000000000 ) ) ;
#1985 = CARTESIAN_POINT ( 'NONE',  ( 88.00291170306070399, 12.38231007120186966, -38.69909643529524601 ) ) ;
#1986 = EDGE_LOOP ( 'NONE', ( #162, #743, #1508, #1584, #2358 ) ) ;
#1987 = CARTESIAN_POINT ( 'NONE',  ( -90.00000000000001421, 10.49999999999999112, 40.00000000000000000 ) ) ;
#1988 = CARTESIAN_POINT ( 'NONE',  ( -50.00000000000000000, -1.387778780781445676E-14, 39.99999999999999289 ) ) ;
#1989 = ORIENTED_EDGE ( 'NONE', *, *, #1817, .F. ) ;
#1990 = EDGE_CURVE ( 'NONE', #450, #709, #662, .T. ) ;
#1991 = LINE ( 'NONE', #2153, #998 ) ;
#1992 = ORIENTED_EDGE ( 'NONE', *, *, #2175, .T. ) ;
#1993 = FACE_BOUND ( 'NONE', #115, .T. ) ;
#1994 = B_SPLINE_CURVE_WITH_KNOTS ( 'NONE', 3,
 ( #852, #1970, #2304, #654, #128, #679, #694, #1385, #504, #518, #326, #1243, #1604, #1591, #314, #875, #2137, #298, #2325, #2339 ),
 .UNSPECIFIED., .F., .F.,
 ( 4, 2, 2, 2, 2, 2, 2, 2, 2, 4 ),
 ( 0.004238689945022181514, 0.004767910255252725410, 0.005297130565483268438, 0.005826350875713811467, 0.006090961030829082981, 0.006355571185944355363, 0.006884791496174930484, 0.007414011806405506472, 0.007943232116636080725, 0.008472452426866656713 ),
 .UNSPECIFIED. ) ;
#1995 = CARTESIAN_POINT ( 'NONE',  ( 88.00287376588586596, -12.38310850526603701, -38.69670505898093182 ) ) ;
#1996 = VERTEX_POINT ( 'NONE', #126 ) ;
#1997 = MANIFOLD_SOLID_BREP ( 'Cut-Extrude3', #2245 ) ;
#1998 = CARTESIAN_POINT ( 'NONE',  ( -89.30195941533452242, -10.61732844864596537, 39.99710597250149391 ) ) ;
#1999 = VECTOR ( 'NONE', #221, 1000.000000000000000 ) ;
#2000 = CARTESIAN_POINT ( 'NONE',  ( 90.35442843618463371, -10.52361610213456267, 40.00041008545316146 ) ) ;
#2001 = EDGE_CURVE ( 'NONE', #1663, #1631, #2247, .T. ) ;
#2002 = VERTEX_POINT ( 'NONE', #1566 ) ;
#2003 = CARTESIAN_POINT ( 'NONE',  ( 91.16583920884546899, 10.86544418603133799, 39.96839150938713203 ) ) ;
#2004 = FACE_BOUND ( 'NONE', #767, .T. ) ;
#2005 = EDGE_CURVE ( 'NONE', #2185, #237, #1329, .T. ) ;
#2006 = EDGE_LOOP ( 'NONE', ( #2216, #409 ) ) ;
#2007 = CARTESIAN_POINT ( 'NONE',  ( -100.0000000000000142, 12.50000000000001243, 35.00000000000001421 ) ) ;
#2008 = CARTESIAN_POINT ( 'NONE',  ( 91.65406126740141701, 11.36455948432382179, -39.81045491387474300 ) ) ;
#2009 = ORIENTED_EDGE ( 'NONE', *, *, #777, .F. ) ;
#2010 = FACE_OUTER_BOUND ( 'NONE', #1425, .T. ) ;
#2011 = EDGE_CURVE ( 'NONE', #1257, #2307, #1395, .T. ) ;
#2012 = CARTESIAN_POINT ( 'NONE',  ( 91.65406126740136017, -11.36455948432384133, 39.81045491387472168 ) ) ;
#2013 = VERTEX_POINT ( 'NONE', #1769 ) ;
#2014 = DIRECTION ( 'NONE',  ( -1.000000000000000000, 0.000000000000000000, 0.000000000000000000 ) ) ;
#2015 = DIRECTION ( 'NONE',  ( -1.000000000000000000, 0.000000000000000000, 0.000000000000000000 ) ) ;
#2016 = ORIENTED_EDGE ( 'NONE', *, *, #1537, .F. ) ;
#2017 = DIRECTION ( 'NONE',  ( 0.000000000000000000, 0.000000000000000000, -1.000000000000000000 ) ) ;
#2018 = LINE ( 'NONE', #1461, #1442 ) ;
#2019 = ORIENTED_EDGE ( 'NONE', *, *, #1915, .F. ) ;
#2020 = CYLINDRICAL_SURFACE ( 'NONE', #1398, 2.000000000000001776 ) ;
#2021 = EDGE_CURVE ( 'NONE', #1865, #678, #1203, .T. ) ;
#2022 = DIRECTION ( 'NONE',  ( 1.000000000000000000, 0.000000000000000000, -0.000000000000000000 ) ) ;
#2023 = ORIENTED_EDGE ( 'NONE', *, *, #938, .T. ) ;
#2024 = CARTESIAN_POINT ( 'NONE',  ( 0.000000000000000000, 0.000000000000000000, 50.00000000000000000 ) ) ;
#2025 = DIRECTION ( 'NONE',  ( -0.000000000000000000, -0.000000000000000000, 1.000000000000000000 ) ) ;
#2026 = ADVANCED_FACE ( 'NONE', ( #324 ), #2337, .F. ) ;
#2027 = ORIENTED_EDGE ( 'NONE', *, *, #517, .T. ) ;
#2028 = LINE ( 'NONE', #238, #2336 ) ;
#2029 = VECTOR ( 'NONE', #178, 1000.000000000000000 ) ;
#2030 = VECTOR ( 'NONE', #1444, 1000.000000000000000 ) ;
#2031 = CARTESIAN_POINT ( 'NONE',  ( 88.03162924296516678, -12.13442384046336464, -39.16604601977662981 ) ) ;
#2032 = PRODUCT_RELATED_PRODUCT_CATEGORY ( 'part', '', ( #304 ) ) ;
#2033 = ORIENTED_EDGE ( 'NONE', *, *, #1875, .F. ) ;
#2034 = CARTESIAN_POINT ( 'NONE',  ( 91.96837075703490427, -12.13442384046336819, 39.16604601977662981 ) ) ;
#2035 = EDGE_CURVE ( 'NONE', #25, #1803, #1714, .T. ) ;
#2036 = CARTESIAN_POINT ( 'NONE',  ( -88.44773099779494885, 11.22697590525740630, -39.86774508395607342 ) ) ;
#2037 = VECTOR ( 'NONE', #1336, 1000.000000000000000 ) ;
#2038 = EDGE_LOOP ( 'NONE', ( #1989, #2293, #141, #1680 ) ) ;
#2039 = DIRECTION ( 'NONE',  ( -1.000000000000000000, 0.000000000000000000, 0.000000000000000000 ) ) ;
#2040 = DIRECTION ( 'NONE',  ( -0.000000000000000000, -0.000000000000000000, -1.000000000000000000 ) ) ;
#2041 = EDGE_CURVE ( 'NONE', #1463, #1803, #1938, .T. ) ;
#2042 = VERTEX_POINT ( 'NONE', #1745 ) ;
#2043 = LINE ( 'NONE', #23, #265 ) ;
#2044 = DIRECTION ( 'NONE',  ( -0.000000000000000000, -0.000000000000000000, 1.000000000000000000 ) ) ;
#2045 = EDGE_LOOP ( 'NONE', ( #2278, #93 ) ) ;
#2046 = CARTESIAN_POINT ( 'NONE',  ( 89.13652480912924148, 10.68729660878319443, 39.99329095712794668 ) ) ;
#2047 = CARTESIAN_POINT ( 'NONE',  ( -88.03162924296513836, 12.13442384046336819, -39.16604601977662981 ) ) ;
#2048 = ORIENTED_EDGE ( 'NONE', *, *, #668, .T. ) ;
#2049 = LINE ( 'NONE', #944, #1110 ) ;
#2050 = EDGE_CURVE ( 'NONE', #1799, #333, #102, .T. ) ;
#2051 = CARTESIAN_POINT ( 'NONE',  ( 90.00000000000002842, -12.50000000000001421, -50.00000000000000000 ) ) ;
#2052 = VECTOR ( 'NONE', #824, 1000.000000000000000 ) ;
#2053 = ORIENTED_EDGE ( 'NONE', *, *, #716, .T. ) ;
#2054 = DIRECTION ( 'NONE',  ( 1.000000000000000000, -3.903127820947812807E-14, 0.000000000000000000 ) ) ;
#2055 = ADVANCED_FACE ( 'NONE', ( #2301 ), #652, .F. ) ;
#2056 = CARTESIAN_POINT ( 'NONE',  ( 50.00000000000000000, -1.387778780781445676E-14, 50.00000000000000000 ) ) ;
#2057 = DIRECTION ( 'NONE',  ( -1.000000000000000000, 0.000000000000000000, -0.000000000000000000 ) ) ;
#2058 = CARTESIAN_POINT ( 'NONE',  ( 52.50000000000000711, -1.387778780781445676E-14, -50.00000000000000000 ) ) ;
#2059 = VERTEX_POINT ( 'NONE', #2110 ) ;
#2060 = CARTESIAN_POINT ( 'NONE',  ( 92.00000000000002842, -12.50000000000001066, -38.00000000000001421 ) ) ;
#2061 = CARTESIAN_POINT ( 'NONE',  ( 99.99999999999998579, -17.49999999999998934, 50.00000000000000000 ) ) ;
#2062 = VECTOR ( 'NONE', #848, 1000.000000000000000 ) ;
#2063 = EDGE_LOOP ( 'NONE', ( #1790, #318, #2080, #1112, #2250 ) ) ;
#2064 = CARTESIAN_POINT ( 'NONE',  ( -88.03204779876818975, -12.13192949442079716, -39.16976082204691068 ) ) ;
#2065 = EDGE_CURVE ( 'NONE', #673, #1269, #2183, .T. ) ;
#2066 = EDGE_CURVE ( 'NONE', #150, #2075, #1562, .T. ) ;
#2067 = ORIENTED_EDGE ( 'NONE', *, *, #1733, .F. ) ;
#2068 =( LENGTH_UNIT ( ) NAMED_UNIT ( * ) SI_UNIT ( .MILLI., .METRE. ) );
#2069 = CARTESIAN_POINT ( 'NONE',  ( -91.54365462822256916, 11.22558303961416293, -39.86515709413081510 ) ) ;
#2070 = AXIS2_PLACEMENT_3D ( 'NONE', #192, #1095, #2239 ) ;
#2071 = CIRCLE ( 'NONE', #1414, 2.000000000000001776 ) ;
#2072 = DIRECTION ( 'NONE',  ( -1.000000000000000000, -1.214306433183764720E-16, 0.000000000000000000 ) ) ;
#2073 = CARTESIAN_POINT ( 'NONE',  ( 88.13489584821725487, 11.77426482610599479, 39.54378927764759766 ) ) ;
#2074 = CARTESIAN_POINT ( 'NONE',  ( -89.13652480912924148, 10.68729660878319443, -39.99329095712797510 ) ) ;
#2075 = VERTEX_POINT ( 'NONE', #1922 ) ;
#2076 = CARTESIAN_POINT ( 'NONE',  ( 99.99999999999998579, 10.50000000000001243, 40.00000000000000000 ) ) ;
#2077 = DIRECTION ( 'NONE',  ( 0.000000000000000000, 0.000000000000000000, 1.000000000000000000 ) ) ;
#2078 = AXIS2_PLACEMENT_3D ( 'NONE', #1971, #317, #1194 ) ;
#2079 = EDGE_CURVE ( 'NONE', #516, #1909, #241, .T. ) ;
#2080 = ORIENTED_EDGE ( 'NONE', *, *, #1575, .T. ) ;
#2081 = FACE_BOUND ( 'NONE', #508, .T. ) ;
#2082 = VERTEX_POINT ( 'NONE', #1911 ) ;
#2083 =( NAMED_UNIT ( * ) PLANE_ANGLE_UNIT ( ) SI_UNIT ( $, .RADIAN. ) );
#2084 = DIRECTION ( 'NONE',  ( -1.000000000000000000, 0.000000000000000000, 0.000000000000000000 ) ) ;
#2085 = DIRECTION ( 'NONE',  ( 1.214306433183764720E-16, -1.000000000000000000, 0.000000000000000000 ) ) ;
#2086 = DIRECTION ( 'NONE',  ( 0.000000000000000000, -0.000000000000000000, -1.000000000000000000 ) ) ;
#2087 = EDGE_CURVE ( 'NONE', #1170, #950, #1514, .T. ) ;
#2088 = EDGE_LOOP ( 'NONE', ( #1216, #362, #1612, #358 ) ) ;
#2089 = LINE ( 'NONE', #2076, #266 ) ;
#2090 = LINE ( 'NONE', #449, #57 ) ;
#2091 = ORIENTED_EDGE ( 'NONE', *, *, #2125, .F. ) ;
#2092 = VECTOR ( 'NONE', #1379, 1000.000000000000000 ) ;
#2093 = CARTESIAN_POINT ( 'NONE',  ( -88.18960311467762381, -11.63527336335204510, -39.65419608354520875 ) ) ;
#2094 = VECTOR ( 'NONE', #2374, 1000.000000000000000 ) ;
#2095 = VERTEX_POINT ( 'NONE', #617 ) ;
#2096 = APPLICATION_PROTOCOL_DEFINITION ( 'draft international standard', 'automotive_design', 1998, #360 ) ;
#2097 = CARTESIAN_POINT ( 'NONE',  ( 88.00000000000002842, 12.49999999999998757, -50.00000000000000000 ) ) ;
#2098 = AXIS2_PLACEMENT_3D ( 'NONE', #1988, #348, #1077 ) ;
#2099 = CARTESIAN_POINT ( 'NONE',  ( -92.00000000000002842, 12.50000000000001243, 38.00000000000000000 ) ) ;
#2100 = CARTESIAN_POINT ( 'NONE',  ( 88.00287376588586596, 12.38310850526603346, 38.69670505898092472 ) ) ;
#2101 = ADVANCED_FACE ( 'NONE', ( #1732 ), #1563, .F. ) ;
#2102 = VERTEX_POINT ( 'NONE', #2264 ) ;
#2103 = CARTESIAN_POINT ( 'NONE',  ( 91.94621002585958536, -12.02117242680753861, -39.31004624058196129 ) ) ;
#2104 = CARTESIAN_POINT ( 'NONE',  ( -50.00000000000000000, -1.387778780781445676E-14, 39.99999999999999289 ) ) ;
#2105 = ORIENTED_EDGE ( 'NONE', *, *, #2079, .T. ) ;
#2106 = DIRECTION ( 'NONE',  ( 1.000000000000000000, 0.000000000000000000, 0.000000000000000000 ) ) ;
#2107 = AXIS2_PLACEMENT_3D ( 'NONE', #555, #2044, #738 ) ;
#2108 = ORIENTED_EDGE ( 'NONE', *, *, #1431, .T. ) ;
#2109 = DIRECTION ( 'NONE',  ( -0.000000000000000000, -0.000000000000000000, 1.000000000000000000 ) ) ;
#2110 = CARTESIAN_POINT ( 'NONE',  ( -88.00000000000002842, -12.50000000000001066, 38.00000000000000000 ) ) ;
#2111 = CARTESIAN_POINT ( 'NONE',  ( -100.0000000000000142, 10.50000000000001243, -40.00000000000000711 ) ) ;
#2112 = VECTOR ( 'NONE', #1800, 1000.000000000000000 ) ;
#2113 = CARTESIAN_POINT ( 'NONE',  ( -100.0000000000000142, 17.49999999999998934, 50.00000000000000000 ) ) ;
#2114 = DIRECTION ( 'NONE',  ( -1.000000000000000000, 0.000000000000000000, 0.000000000000000000 ) ) ;
#2115 = ORIENTED_EDGE ( 'NONE', *, *, #1392, .T. ) ;
#2116 = CARTESIAN_POINT ( 'NONE',  ( -88.45634537177747347, -11.22558303961418780, -39.86515709413081510 ) ) ;
#2117 = CARTESIAN_POINT ( 'NONE',  ( 90.00000000000001421, -14.50000000000001066, 35.00000000000001421 ) ) ;
#2118 = VERTEX_POINT ( 'NONE', #278 ) ;
#2119 = CARTESIAN_POINT ( 'NONE',  ( -90.00000000000002842, -17.50000000000003908, -35.00000000000000000 ) ) ;
#2120 = CIRCLE ( 'NONE', #967, 2.000000000000001776 ) ;
#2121 = PLANE ( 'NONE',  #1638 ) ;
#2122 = LINE ( 'NONE', #145, #1225 ) ;
#2123 = CARTESIAN_POINT ( 'NONE',  ( 99.99999999999998579, 17.50000000000001066, -50.00000000000000000 ) ) ;
#2124 = ORIENTED_EDGE ( 'NONE', *, *, #703, .T. ) ;
#2125 = EDGE_CURVE ( 'NONE', #1126, #1027, #2297, .T. ) ;
#2126 = CARTESIAN_POINT ( 'NONE',  ( -100.0000000000000142, 10.50000000000001243, -38.00000000000001421 ) ) ;
#2127 = CARTESIAN_POINT ( 'NONE',  ( -50.00000000000000000, -1.387778780781445676E-14, -50.00000000000000000 ) ) ;
#2128 = ORIENTED_EDGE ( 'NONE', *, *, #1862, .T. ) ;
#2129 = ADVANCED_FACE ( 'NONE', ( #820 ), #2251, .F. ) ;
#2130 = CARTESIAN_POINT ( 'NONE',  ( 92.00000000000002842, -12.50000000000001421, -50.00000000000000000 ) ) ;
#2131 = AXIS2_PLACEMENT_3D ( 'NONE', #790, #622, #1699 ) ;
#2132 = CARTESIAN_POINT ( 'NONE',  ( 88.00000000000002842, 12.50000000000001243, -38.17925096310134592 ) ) ;
#2133 = CARTESIAN_POINT ( 'NONE',  ( -90.00000000000002842, 12.49999999999998757, -50.00000000000000000 ) ) ;
#2134 = DIRECTION ( 'NONE',  ( -0.000000000000000000, -0.000000000000000000, -1.000000000000000000 ) ) ;
#2135 = FILL_AREA_STYLE ('',( #1026 ) ) ;
#2136 = ORIENTED_EDGE ( 'NONE', *, *, #1523, .T. ) ;
#2137 = CARTESIAN_POINT ( 'NONE',  ( -91.99708829693935286, -12.38231007120186966, 38.69909643529523180 ) ) ;
#2138 = DIRECTION ( 'NONE',  ( 1.000000000000000000, -0.000000000000000000, 0.000000000000000000 ) ) ;
#2139 = ORIENTED_EDGE ( 'NONE', *, *, #805, .T. ) ;
#2140 = DIRECTION ( 'NONE',  ( -1.000000000000000000, 0.000000000000000000, 0.000000000000000000 ) ) ;
#2141 = AXIS2_PLACEMENT_3D ( 'NONE', #1634, #722, #546 ) ;
#2142 = ADVANCED_FACE ( 'NONE', ( #1553 ), #963, .F. ) ;
#2143 = ADVANCED_FACE ( 'NONE', ( #1348 ), #2121, .F. ) ;
#2144 = DIRECTION ( 'NONE',  ( -1.000000000000000000, 0.000000000000000000, -0.000000000000000000 ) ) ;
#2145 = ORIENTED_EDGE ( 'NONE', *, *, #534, .T. ) ;
#2146 = CARTESIAN_POINT ( 'NONE',  ( -88.00000000000002842, -12.50000000000001421, -50.00000000000000000 ) ) ;
#2147 = ADVANCED_FACE ( 'NONE', ( #601 ), #1333, .F. ) ;
#2148 = LINE ( 'NONE', #1051, #733 ) ;
#2149 = CIRCLE ( 'NONE', #1108, 2.000000000000001776 ) ;
#2150 = DIRECTION ( 'NONE',  ( -0.000000000000000000, -0.000000000000000000, 1.000000000000000000 ) ) ;
#2151 = AXIS2_PLACEMENT_3D ( 'NONE', #375, #1457, #574 ) ;
#2152 = ORIENTED_EDGE ( 'NONE', *, *, #310, .F. ) ;
#2153 = CARTESIAN_POINT ( 'NONE',  ( -90.00000000000002842, 17.49999999999999289, -35.00000000000000000 ) ) ;
#2154 = CARTESIAN_POINT ( 'NONE',  ( -91.94650005408207960, -12.02281760682062028, -39.30789391775514474 ) ) ;
#2155 = EDGE_LOOP ( 'NONE', ( #6, #1715, #1208, #1409 ) ) ;
#2156 = DIRECTION ( 'NONE',  ( -1.000000000000000000, 0.000000000000000000, 0.000000000000000000 ) ) ;
#2157 = VECTOR ( 'NONE', #1441, 1000.000000000000000 ) ;
#2158 = CIRCLE ( 'NONE', #1118, 2.000000000000001776 ) ;
#2159 = CARTESIAN_POINT ( 'NONE',  ( -91.80737405962862852, 11.64052106005680187, 39.64506774705404979 ) ) ;
#2160 = EDGE_LOOP ( 'NONE', ( #1211, #1964, #1979, #2259 ) ) ;
#2161 = DIRECTION ( 'NONE',  ( -0.000000000000000000, -0.000000000000000000, 1.000000000000000000 ) ) ;
#2162 = ADVANCED_FACE ( 'NONE', ( #428 ), #1002, .F. ) ;
#2163 = FACE_OUTER_BOUND ( 'NONE', #609, .T. ) ;
#2164 = DIRECTION ( 'NONE',  ( -0.000000000000000000, -0.000000000000000000, 1.000000000000000000 ) ) ;
#2165 = EDGE_LOOP ( 'NONE', ( #542, #1544, #419, #1341 ) ) ;
#2166 = CARTESIAN_POINT ( 'NONE',  ( -100.0000000000000142, 17.49999999999998934, -50.00000000000000000 ) ) ;
#2167 = FACE_OUTER_BOUND ( 'NONE', #1986, .T. ) ;
#2168 = ORIENTED_EDGE ( 'NONE', *, *, #1259, .F. ) ;
#2169 = CARTESIAN_POINT ( 'NONE',  ( -52.50000000000000711, -1.357162610802761731E-14, -40.00000000000000711 ) ) ;
#2170 = CARTESIAN_POINT ( 'NONE',  ( -91.77275261349582536, 11.57068082362252071, 39.69113722039457315 ) ) ;
#2171 = EDGE_LOOP ( 'NONE', ( #2361, #1007, #302, #234 ) ) ;
#2172 = CARTESIAN_POINT ( 'NONE',  ( -88.03162924296515257, -12.13442384046336819, 39.16604601977662270 ) ) ;
#2173 = CIRCLE ( 'NONE', #2131, 2.500000000000002220 ) ;
#2174 = LINE ( 'NONE', #1589, #1455 ) ;
#2175 = EDGE_CURVE ( 'NONE', #1136, #481, #1138, .T. ) ;
#2176 = EDGE_LOOP ( 'NONE', ( #1930, #1315, #1956, #1311, #1459, #1475, #2351, #1150 ) ) ;
#2177 = CARTESIAN_POINT ( 'NONE',  ( -90.00000000000002842, 14.49999999999998224, 35.00000000000001421 ) ) ;
#2178 = ORIENTED_EDGE ( 'NONE', *, *, #1968, .F. ) ;
#2179 = CARTESIAN_POINT ( 'NONE',  ( 50.00000000000000000, -1.387778780781445676E-14, -50.00000000000000000 ) ) ;
#2180 = CARTESIAN_POINT ( 'NONE',  ( 0.000000000000000000, 0.000000000000000000, -50.00000000000000000 ) ) ;
#2181 = ORIENTED_EDGE ( 'NONE', *, *, #1309, .F. ) ;
#2182 = CARTESIAN_POINT ( 'NONE',  ( -88.45634537177745926, 11.22558303961417181, 39.86515709413080089 ) ) ;
#2183 = CIRCLE ( 'NONE', #1406, 2.000000000000001776 ) ;
#2184 = DIRECTION ( 'NONE',  ( -0.000000000000000000, -0.000000000000000000, 1.000000000000000000 ) ) ;
#2185 = VERTEX_POINT ( 'NONE', #989 ) ;
#2186 = CARTESIAN_POINT ( 'NONE',  ( 50.00000000000000000, -1.387778780781445676E-14, -50.00000000000000000 ) ) ;
#2187 = LINE ( 'NONE', #575, #2094 ) ;
#2188 = AXIS2_PLACEMENT_3D ( 'NONE', #1509, #782, #587 ) ;
#2189 = EDGE_LOOP ( 'NONE', ( #165, #1942 ) ) ;
#2190 = FACE_BOUND ( 'NONE', #934, .T. ) ;
#2191 = EDGE_CURVE ( 'NONE', #962, #1996, #1890, .T. ) ;
#2192 = DIRECTION ( 'NONE',  ( -1.000000000000000000, 0.000000000000000000, 0.000000000000000000 ) ) ;
#2193 = EDGE_LOOP ( 'NONE', ( #1195, #157, #816, #2019 ) ) ;
#2194 = CARTESIAN_POINT ( 'NONE',  ( -89.82117499734863486, 10.49999999999999112, 39.99999999999999289 ) ) ;
#2195 = AXIS2_PLACEMENT_3D ( 'NONE', #854, #1068, #1797 ) ;
#2196 = ADVANCED_BREP_SHAPE_REPRESENTATION ( 'Center-Wing-Brace', ( #1997, #1524 ), #1175 ) ;
#2197 = CARTESIAN_POINT ( 'NONE',  ( -100.0000000000000142, -17.50000000000001421, 50.00000000000000000 ) ) ;
#2198 = ORIENTED_EDGE ( 'NONE', *, *, #1402, .T. ) ;
#2199 = CARTESIAN_POINT ( 'NONE',  ( 88.51167047718901415, -11.16124141038070050, 39.88862526623204730 ) ) ;
#2200 = FACE_OUTER_BOUND ( 'NONE', #2063, .T. ) ;
#2201 = PRODUCT_DEFINITION_CONTEXT ( 'detailed design', #360, 'design' ) ;
#2202 = VERTEX_POINT ( 'NONE', #628 ) ;
#2203 = CARTESIAN_POINT ( 'NONE',  ( -100.0000000000000142, 10.50000000000001243, 38.00000000000000000 ) ) ;
#2204 = EDGE_CURVE ( 'NONE', #2372, #1279, #2305, .T. ) ;
#2205 = DIRECTION ( 'NONE',  ( 1.000000000000000000, 0.000000000000000000, 0.000000000000000000 ) ) ;
#2206 = ORIENTED_EDGE ( 'NONE', *, *, #655, .F. ) ;
#2207 = CARTESIAN_POINT ( 'NONE',  ( -88.00000000000002842, -12.50000000000001421, 50.00000000000000000 ) ) ;
#2208 = CARTESIAN_POINT ( 'NONE',  ( -88.00000000000002842, 12.49999999999998757, -50.00000000000000000 ) ) ;
#2209 = DIRECTION ( 'NONE',  ( -0.000000000000000000, 1.000000000000000000, -0.000000000000000000 ) ) ;
#2210 = ORIENTED_EDGE ( 'NONE', *, *, #2079, .F. ) ;
#2211 = DIRECTION ( 'NONE',  ( 0.000000000000000000, 0.000000000000000000, 1.000000000000000000 ) ) ;
#2212 = CARTESIAN_POINT ( 'NONE',  ( 0.000000000000000000, 0.000000000000000000, -50.00000000000000000 ) ) ;
#2213 = ORIENTED_EDGE ( 'NONE', *, *, #2005, .F. ) ;
#2214 = CARTESIAN_POINT ( 'NONE',  ( -50.00000000000000000, -1.387778780781445676E-14, -40.00000000000000711 ) ) ;
#2215 = DIRECTION ( 'NONE',  ( -0.000000000000000000, -0.000000000000000000, 1.000000000000000000 ) ) ;
#2216 = ORIENTED_EDGE ( 'NONE', *, *, #276, .T. ) ;
#2217 = EDGE_CURVE ( 'NONE', #2354, #1463, #2334, .T. ) ;
#2218 = VECTOR ( 'NONE', #502, 1000.000000000000000 ) ;
#2219 = CARTESIAN_POINT ( 'NONE',  ( -100.0000000000000142, 12.50000000000001243, 40.00000000000000000 ) ) ;
#2220 = EDGE_CURVE ( 'NONE', #120, #1558, #1061, .T. ) ;
#2221 = CARTESIAN_POINT ( 'NONE',  ( -88.34593873259866825, 11.36455948432381646, -39.81045491387475010 ) ) ;
#2222 = VERTEX_POINT ( 'NONE', #1934 ) ;
#2223 = CARTESIAN_POINT ( 'NONE',  ( 88.03204779876818975, -12.13192949442079538, 39.16976082204688936 ) ) ;
#2224 = PLANE ( 'NONE',  #1078 ) ;
#2225 = ORIENTED_EDGE ( 'NONE', *, *, #373, .T. ) ;
#2226 = FACE_BOUND ( 'NONE', #485, .T. ) ;
#2227 = VECTOR ( 'NONE', #338, 1000.000000000000000 ) ;
#2228 = CARTESIAN_POINT ( 'NONE',  ( 90.17903312807639793, 10.49999999999999467, -40.00000000000002132 ) ) ;
#2229 = VERTEX_POINT ( 'NONE', #1034 ) ;
#2230 = CARTESIAN_POINT ( 'NONE',  ( -100.0000000000000142, 10.50000000000001243, 40.00000000000000000 ) ) ;
#2231 = VECTOR ( 'NONE', #705, 1000.000000000000000 ) ;
#2232 = PLANE ( 'NONE',  #1151 ) ;
#2233 = EDGE_CURVE ( 'NONE', #353, #1821, #293, .T. ) ;
#2234 = ORIENTED_EDGE ( 'NONE', *, *, #1115, .T. ) ;
#2235 = CARTESIAN_POINT ( 'NONE',  ( 88.00291170306070399, -12.38231007120187144, 38.69909643529522469 ) ) ;
#2236 = EDGE_CURVE ( 'NONE', #1824, #450, #1789, .T. ) ;
#2237 = CARTESIAN_POINT ( 'NONE',  ( -100.0000000000000142, 17.49999999999998934, 50.00000000000000000 ) ) ;
#2238 = EDGE_LOOP ( 'NONE', ( #365, #329, #123, #643, #1671, #1327 ) ) ;
#2239 = DIRECTION ( 'NONE',  ( 0.000000000000000000, -0.000000000000000000, 1.000000000000000000 ) ) ;
#2240 = ORIENTED_EDGE ( 'NONE', *, *, #1418, .T. ) ;
#2241 = DIRECTION ( 'NONE',  ( 1.000000000000000000, 0.000000000000000000, 0.000000000000000000 ) ) ;
#2242 = CARTESIAN_POINT ( 'NONE',  ( -88.83088674096686077, 10.86762223203970379, -39.96803017099330901 ) ) ;
#2243 = ORIENTED_EDGE ( 'NONE', *, *, #384, .F. ) ;
#2244 = FACE_BOUND ( 'NONE', #2176, .T. ) ;
#2245 = CLOSED_SHELL ( 'NONE', ( #725, #557, #2055, #262, #513, #1047, #982, #1476, #2347, #1840, #1754, #1932, #1658, #1056, #487, #1041, #2147, #471, #1070, #56, #247, #2142, #613, #964, #48, #352, #2101, #1522, #849, #1299, #459, #869, #445, #259, #1848, #2129, #1748, #370, #2348, #289, #1555, #190, #1507, #822, #1534, #1331, #2376, #2290, #1830, #2026, #1781, #339, #1196, #1446, #1437, #2143, #2162, #1610, #684, #850 ) ) ;
#2246 = CYLINDRICAL_SURFACE ( 'NONE', #665, 2.000000000000001776 ) ;
#2247 = CIRCLE ( 'NONE', #431, 2.500000000000002220 ) ;
#2248 = ORIENTED_EDGE ( 'NONE', *, *, #623, .F. ) ;
#2249 = DIRECTION ( 'NONE',  ( -1.000000000000000000, 0.000000000000000000, 0.000000000000000000 ) ) ;
#2250 = ORIENTED_EDGE ( 'NONE', *, *, #1499, .F. ) ;
#2251 = PLANE ( 'NONE',  #1213 ) ;
#2252 = DIRECTION ( 'NONE',  ( 1.000000000000000000, -0.000000000000000000, 0.000000000000000000 ) ) ;
#2253 = CARTESIAN_POINT ( 'NONE',  ( -100.0000000000000142, 12.50000000000001243, -35.00000000000000711 ) ) ;
#2254 = ORIENTED_EDGE ( 'NONE', *, *, #1625, .T. ) ;
#2255 = CARTESIAN_POINT ( 'NONE',  ( 92.00041300743922079, -12.47632755229009760, -38.35490341791751234 ) ) ;
#2256 = DIRECTION ( 'NONE',  ( -1.000000000000000000, 0.000000000000000000, 0.000000000000000000 ) ) ;
#2257 = VERTEX_POINT ( 'NONE', #1802 ) ;
#2258 = LINE ( 'NONE', #1536, #728 ) ;
#2259 = ORIENTED_EDGE ( 'NONE', *, *, #568, .T. ) ;
#2260 = EDGE_CURVE ( 'NONE', #341, #2002, #122, .T. ) ;
#2261 = DIRECTION ( 'NONE',  ( 0.000000000000000000, -0.000000000000000000, 1.000000000000000000 ) ) ;
#2262 = AXIS2_PLACEMENT_3D ( 'NONE', #46, #771, #1497 ) ;
#2263 = VECTOR ( 'NONE', #163, 1000.000000000000000 ) ;
#2264 = CARTESIAN_POINT ( 'NONE',  ( 90.00000000000002842, -10.50000000000001776, -40.00000000000000711 ) ) ;
#2265 = CARTESIAN_POINT ( 'NONE',  ( -90.00000000000002842, -12.50000000000001421, 50.00000000000000000 ) ) ;
#2266 = ORIENTED_EDGE ( 'NONE', *, *, #827, .F. ) ;
#2267 = CARTESIAN_POINT ( 'NONE',  ( 92.00041300743924921, 12.47632755229010115, 38.35490341791749813 ) ) ;
#2268 = LINE ( 'NONE', #258, #407 ) ;
#2269 = VECTOR ( 'NONE', #1393, 1000.000000000000000 ) ;
#2270 = VECTOR ( 'NONE', #17, 1000.000000000000000 ) ;
#2271 = ORIENTED_EDGE ( 'NONE', *, *, #1252, .T. ) ;
#2272 = CARTESIAN_POINT ( 'NONE',  ( -88.00000000000002842, -12.50000000000001066, -38.00000000000001421 ) ) ;
#2273 = ORIENTED_EDGE ( 'NONE', *, *, #427, .T. ) ;
#2274 = DIRECTION ( 'NONE',  ( 0.000000000000000000, 0.000000000000000000, 1.000000000000000000 ) ) ;
#2275 = EDGE_CURVE ( 'NONE', #614, #256, #1622, .T. ) ;
#2276 = CARTESIAN_POINT ( 'NONE',  ( -90.00000000000002842, -17.50000000000003908, -35.00000000000000000 ) ) ;
#2277 = DIRECTION ( 'NONE',  ( 0.000000000000000000, 0.000000000000000000, 1.000000000000000000 ) ) ;
#2278 = ORIENTED_EDGE ( 'NONE', *, *, #2066, .T. ) ;
#2279 = CARTESIAN_POINT ( 'NONE',  ( -100.0000000000000142, -17.50000000000001421, 50.00000000000000000 ) ) ;
#2280 = CARTESIAN_POINT ( 'NONE',  ( 88.00000000000004263, 12.50000000000001243, 38.00000000000000000 ) ) ;
#2281 = ORIENTED_EDGE ( 'NONE', *, *, #703, .F. ) ;
#2282 = CIRCLE ( 'NONE', #1238, 2.000000000000001776 ) ;
#2283 = CARTESIAN_POINT ( 'NONE',  ( 88.00000000000002842, -12.50000000000001066, -38.00000000000001421 ) ) ;
#2284 = VECTOR ( 'NONE', #1967, 1000.000000000000000 ) ;
#2285 = ORIENTED_EDGE ( 'NONE', *, *, #426, .T. ) ;
#2286 = LINE ( 'NONE', #1931, #207 ) ;
#2287 = AXIS2_PLACEMENT_3D ( 'NONE', #406, #442, #1140 ) ;
#2288 = CARTESIAN_POINT ( 'NONE',  ( -90.00000000000002842, -12.50000000000001421, 35.00000000000001421 ) ) ;
#2289 = DIRECTION ( 'NONE',  ( -0.000000000000000000, -0.000000000000000000, 1.000000000000000000 ) ) ;
#2290 = ADVANCED_FACE ( 'NONE', ( #712 ), #1438, .F. ) ;
#2291 = DIRECTION ( 'NONE',  ( 1.000000000000000000, -0.000000000000000000, 0.000000000000000000 ) ) ;
#2292 = DIRECTION ( 'NONE',  ( -0.000000000000000000, 1.000000000000000000, -0.000000000000000000 ) ) ;
#2293 = ORIENTED_EDGE ( 'NONE', *, *, #742, .T. ) ;
#2294 = CARTESIAN_POINT ( 'NONE',  ( -88.83416079115461628, -10.86544418603136108, -39.96839150938711782 ) ) ;
#2295 = ORIENTED_EDGE ( 'NONE', *, *, #160, .T. ) ;
#2296 = CARTESIAN_POINT ( 'NONE',  ( 47.50000000000000000, -1.357162610802761731E-14, -50.00000000000000000 ) ) ;
#2297 = LINE ( 'NONE', #229, #565 ) ;
#2298 = CARTESIAN_POINT ( 'NONE',  ( 88.00000000000002842, -12.50000000000001421, -50.00000000000000000 ) ) ;
#2299 = CIRCLE ( 'NONE', #464, 5.000000000000000000 ) ;
#2300 = LINE ( 'NONE', #2123, #429 ) ;
#2301 = FACE_OUTER_BOUND ( 'NONE', #2171, .T. ) ;
#2302 = EDGE_CURVE ( 'NONE', #2307, #2354, #1244, .T. ) ;
#2303 = ORIENTED_EDGE ( 'NONE', *, *, #2260, .T. ) ;
#2304 = CARTESIAN_POINT ( 'NONE',  ( -90.35443204138879025, -10.52369353527505069, 40.00040225129952631 ) ) ;
#2305 = B_SPLINE_CURVE_WITH_KNOTS ( 'NONE', 3,
 ( #2099, #454, #870, #143, #880, #1611, #1198, #1234, #2331, #2159, #2170, #109, #133, #1048, #1249, #523, #2344, #844, #1752, #686 ),
 .UNSPECIFIED., .F., .F.,
 ( 4, 2, 2, 2, 2, 2, 2, 2, 2, 4 ),
 ( 0.000000000000000000, 0.0005298362431277613051, 0.001059672486255522610, 0.001589508729383283915, 0.001854426850947166411, 0.002119344972511049124, 0.002649181215638841871, 0.003179017458766634618, 0.003708853701894427365, 0.004238689945022220545 ),
 .UNSPECIFIED. ) ;
#2306 = CARTESIAN_POINT ( 'NONE',  ( -91.88858557913086145, -11.83864844105090697, -39.48842545739044851 ) ) ;
#2307 = VERTEX_POINT ( 'NONE', #937 ) ;
#2308 = LINE ( 'NONE', #658, #147 ) ;
#2309 = VECTOR ( 'NONE', #2289, 1000.000000000000000 ) ;
#2310 = CARTESIAN_POINT ( 'NONE',  ( 89.13743604861531367, 10.68700877011727002, -39.99327426793973927 ) ) ;
#2311 = DIRECTION ( 'NONE',  ( -1.214306433183764720E-16, 1.000000000000000000, 0.000000000000000000 ) ) ;
#2312 = DIRECTION ( 'NONE',  ( 0.000000000000000000, 0.000000000000000000, 1.000000000000000000 ) ) ;
#2313 = CARTESIAN_POINT ( 'NONE',  ( -100.0000000000000142, -10.50000000000001066, 40.00000000000000000 ) ) ;
#2314 = ORIENTED_EDGE ( 'NONE', *, *, #1089, .T. ) ;
#2315 = CARTESIAN_POINT ( 'NONE',  ( 90.00000000000002842, -12.50000000000001421, -35.00000000000000000 ) ) ;
#2316 = EDGE_CURVE ( 'NONE', #516, #2102, #1788, .T. ) ;
#2317 = DIRECTION ( 'NONE',  ( 0.000000000000000000, 0.000000000000000000, 1.000000000000000000 ) ) ;
#2318 = EDGE_LOOP ( 'NONE', ( #553, #1635, #1504, #1814 ) ) ;
#2319 = CYLINDRICAL_SURFACE ( 'NONE', #74, 2.500000000000002220 ) ;
#2320 = CARTESIAN_POINT ( 'NONE',  ( 88.69233448898367556, 10.97697398896136356, -39.94655547315340272 ) ) ;
#2321 = EDGE_LOOP ( 'NONE', ( #1643, #1143, #663, #1587 ) ) ;
#2322 = PLANE ( 'NONE',  #1574 ) ;
#2323 = DIRECTION ( 'NONE',  ( -1.214306433183764720E-16, 1.000000000000000000, -0.000000000000000000 ) ) ;
#2324 = ORIENTED_EDGE ( 'NONE', *, *, #1684, .T. ) ;
#2325 = CARTESIAN_POINT ( 'NONE',  ( -92.00000000000001421, -12.50000000000000533, 38.17925096310132460 ) ) ;
#2326 = CARTESIAN_POINT ( 'NONE',  ( -91.77275261349581115, -11.57068082362252248, -39.69113722039457315 ) ) ;
#2327 = ORIENTED_EDGE ( 'NONE', *, *, #1537, .T. ) ;
#2328 = CIRCLE ( 'NONE', #532, 2.000000000000001776 ) ;
#2329 = CARTESIAN_POINT ( 'NONE',  ( -100.0000000000000142, -10.50000000000001066, -38.00000000000000711 ) ) ;
#2330 = EDGE_CURVE ( 'NONE', #2075, #150, #2328, .T. ) ;
#2331 = CARTESIAN_POINT ( 'NONE',  ( -91.86510415178278777, 11.77426482610598768, 39.54378927764761187 ) ) ;
#2332 = ORIENTED_EDGE ( 'NONE', *, *, #2236, .T. ) ;
#2333 = DIRECTION ( 'NONE',  ( -0.000000000000000000, -0.000000000000000000, 1.000000000000000000 ) ) ;
#2334 = B_SPLINE_CURVE_WITH_KNOTS ( 'NONE', 3,
 ( #1597, #510, #1576, #332, #2310, #659, #2320, #1390, #1415, #1974, #1403, #306, #1775, #1586, #1946, #700, #1985, #498, #2132, #345 ),
 .UNSPECIFIED., .F., .F.,
 ( 4, 2, 2, 2, 2, 2, 2, 2, 2, 4 ),
 ( 0.004238689945022195392, 0.004767910255252764441, 0.005297130565483334358, 0.005826350875713903407, 0.006090961030829189667, 0.006355571185944475926, 0.006884791496175035434, 0.007414011806405594943, 0.007943232116636153584, 0.008472452426866713959 ),
 .UNSPECIFIED. ) ;
#2335 = DIRECTION ( 'NONE',  ( -0.000000000000000000, -0.000000000000000000, 1.000000000000000000 ) ) ;
#2336 = VECTOR ( 'NONE', #1885, 1000.000000000000000 ) ;
#2337 = CYLINDRICAL_SURFACE ( 'NONE', #381, 2.500000000000002220 ) ;
#2338 = VERTEX_POINT ( 'NONE', #904 ) ;
#2339 = CARTESIAN_POINT ( 'NONE',  ( -92.00000000000001421, -12.50000000000001066, 38.00000000000000000 ) ) ;
#2340 = CARTESIAN_POINT ( 'NONE',  ( -90.00000000000002842, 12.49999999999998757, -50.00000000000000000 ) ) ;
#2341 = ORIENTED_EDGE ( 'NONE', *, *, #1128, .F. ) ;
#2342 = FACE_BOUND ( 'NONE', #1350, .T. ) ;
#2343 = VECTOR ( 'NONE', #20, 1000.000000000000000 ) ;
#2344 = CARTESIAN_POINT ( 'NONE',  ( -90.69804058466560548, 10.61732844864593339, 39.99710597250150812 ) ) ;
#2345 = ORIENTED_EDGE ( 'NONE', *, *, #1849, .F. ) ;
#2346 = CARTESIAN_POINT ( 'NONE',  ( -89.82096687192368734, -10.50000000000001954, 40.00000000000000711 ) ) ;
#2347 = ADVANCED_FACE ( 'NONE', ( #1 ), #1659, .F. ) ;
#2348 = ADVANCED_FACE ( 'NONE', ( #927 ), #205, .F. ) ;
#2349 = B_SPLINE_CURVE_WITH_KNOTS ( 'NONE', 3,
 ( #110, #294, #845, #1577, #674, #2172, #1828, #181, #1815, #1274, #1624, #537, #1429, #1251, #2359, #1263, #1998, #906, #2346, #359 ),
 .UNSPECIFIED., .F., .F.,
 ( 4, 2, 2, 2, 2, 2, 2, 2, 2, 4 ),
 ( 0.000000000000000000, 0.0005298362431277592452, 0.001059672486255518490, 0.001589508729383277844, 0.001854426850947159255, 0.002119344972511040884, 0.002649181215638825825, 0.003179017458766611199, 0.003708853701894396140, 0.004238689945022181514 ),
 .UNSPECIFIED. ) ;
#2350 = CARTESIAN_POINT ( 'NONE',  ( 99.99999999999998579, 12.50000000000001243, -40.00000000000000711 ) ) ;
#2351 = ORIENTED_EDGE ( 'NONE', *, *, #908, .T. ) ;
#2352 = CARTESIAN_POINT ( 'NONE',  ( 99.99999999999998579, -12.50000000000001066, 38.00000000000000000 ) ) ;
#2353 = DIRECTION ( 'NONE',  ( 0.000000000000000000, 0.000000000000000000, 1.000000000000000000 ) ) ;
#2354 = VERTEX_POINT ( 'NONE', #566 ) ;
#2355 = DIRECTION ( 'NONE',  ( 0.000000000000000000, 0.000000000000000000, 1.000000000000000000 ) ) ;
#2356 = EDGE_CURVE ( 'NONE', #599, #2338, #2018, .T. ) ;
#2357 = CARTESIAN_POINT ( 'NONE',  ( -52.50000000000000711, -1.357162610802761731E-14, -50.00000000000000000 ) ) ;
#2358 = ORIENTED_EDGE ( 'NONE', *, *, #310, .T. ) ;
#2359 = CARTESIAN_POINT ( 'NONE',  ( -88.83088674096684656, -10.86762223203972333, 39.96803017099328770 ) ) ;
#2360 = CARTESIAN_POINT ( 'NONE',  ( 91.86510415178278777, -11.77426482610600900, 39.54378927764758345 ) ) ;
#2361 = ORIENTED_EDGE ( 'NONE', *, *, #1501, .F. ) ;
#2362 = CARTESIAN_POINT ( 'NONE',  ( 90.35443204138877604, 10.52369353527502049, 40.00040225129953342 ) ) ;
#2363 = DIRECTION ( 'NONE',  ( 0.000000000000000000, -0.000000000000000000, -1.000000000000000000 ) ) ;
#2364 = ORIENTED_EDGE ( 'NONE', *, *, #38, .F. ) ;
#2365 = CARTESIAN_POINT ( 'NONE',  ( -100.0000000000000142, 10.50000000000001243, -38.00000000000001421 ) ) ;
#2366 = CARTESIAN_POINT ( 'NONE',  ( 90.00000000000002842, -10.50000000000001776, -40.00000000000000711 ) ) ;
#2367 = ORIENTED_EDGE ( 'NONE', *, *, #2356, .F. ) ;
#2368 = CYLINDRICAL_SURFACE ( 'NONE', #736, 2.000000000000001776 ) ;
#2369 = AXIS2_PLACEMENT_3D ( 'NONE', #749, #2215, #1887 ) ;
#2370 = CARTESIAN_POINT ( 'NONE',  ( -100.0000000000000142, 17.49999999999998934, -50.00000000000000000 ) ) ;
#2371 = VECTOR ( 'NONE', #670, 1000.000000000000000 ) ;
#2372 = VERTEX_POINT ( 'NONE', #379 ) ;
#2373 = CARTESIAN_POINT ( 'NONE',  ( -88.00000000000002842, -12.50000000000001066, 35.00000000000001421 ) ) ;
#2374 = DIRECTION ( 'NONE',  ( -1.000000000000000000, 0.000000000000000000, -0.000000000000000000 ) ) ;
#2375 = EDGE_CURVE ( 'NONE', #206, #1087, #1600, .T. ) ;
#2376 = ADVANCED_FACE ( 'NONE', ( #193 ), #12, .F. ) ;
#2377 = AXIS2_PLACEMENT_3D ( 'NONE', #1301, #8, #584 ) ;
#2378 = ORIENTED_EDGE ( 'NONE', *, *, #527, .T. ) ;
#2379 = PLANE ( 'NONE',  #1260 ) ;
ENDSEC;
END-ISO-10303-21;
